barcode,cluster,umap_x,umap_y
AAAACATTCAAA,preNeu-3a,9.53503419317606,-4.72817407130043
AAAACCCTGGCC,EoP,2.18385077871684,-4.10330520151893
AAAACGCAGCCT,preNeu-3a,7.37349273123148,-4.19748292444984
AAAAGCAACAGC,preNeu-3c,8.26669885076884,-4.0009239721183
AAAAGCCCCCCT,immNeu-1,12.1792211667478,0.40391032816132
AAAAGTCCATCC,cMoP-b,-0.161601857763496,3.57398881436547
AAAATCAACAGA,D3-LM,5.36918784536723,11.5173870515939
AAAATTTCGTAA,ErP-3,-0.162640021663872,-12.7824109601859
AAACCATCATGA,ErP-5,1.84381927408579,-13.7304709958915
AAACCATGACGG,immNeu-3,8.10419131674174,8.81682075978478
AAACCTGAGGAT,preNeu-1,8.31290627874735,-4.42980037211219
AAACGCCACGCC,proNeu-2,5.35079671301249,1.23062755585869
AAACGGAAGAGT,ErP-2,-1.56642542920705,-11.271455149639
AAACTAGCATAT,preNeu-3a,8.71028901495341,-5.76981673716346
AAACTTATGATG,MDP-1,-3.33697532258627,0.0498768878098335
AAAGAATGTCAC,ErP-3,-0.424786136966911,-12.0523246335868
AAAGAGCCAATT,preNeu-1,3.36782838262919,-4.05052457331459
AAAGCCGCGCCA,immNeu-2,10.7874698773802,7.62294353963097
AAAGCCGGAACG,ML-ERP2-ADT,0.0296338633478011,-11.2646754789237
AAAGGCGAGTCG,proNeu-2,4.75776053823832,-0.57591311215202
AAAGGCGTCGAA,MP,-0.619393931251732,2.34226383687218
AAAGTAGCCGAG,preNeu-2,12.4366798535765,3.80328192235192
AAATACACCTCG,ErP-3,0.175027233067187,-12.7225707578544
AAATACACTAGA,CLP1-a,-8.43653963647482,3.83507956982811
AAATACCGGTAC,cMoP-b,-0.998656140190331,3.10439433575829
AAATATTACCCT,preBcrII-G2M,-1.32328926168081,9.9526516389962
AAATCCATTGCC,preNeu-1,-10.6124486788332,-0.348538796890179
AAATCGTTATTA,preNeu-1,8.30963517584208,-3.35630951403419
AAATGCGCCTGA,ErP-2,-1.92121313653585,-11.4602206754569
AAATGGGGGCAG,preNeu-3c,6.77147723593119,-3.82239709376136
AAATTGACACAG,immNeu-1,12.3016367093504,1.273608167183
AAATTTCGCTTT,preNeu-1,6.45460368551615,-3.82223544596473
AACAAAAATCAG,HSC-Mac-1,2.82705260671976,-7.21690831660072
AACAAATCGTTT,MP,-0.00529086731073,2.04568423749169
AACAACCGCCGA,BMCP-G2,-4.64208029351827,-4.68181214808265
AACAGGAAGAGC,immNeu-2,12.0400552884519,5.78096403599938
AACATGCAGCAC,cMoP-b,-0.108964578729836,3.55124248982628
AACCAAATGGCT,preNeu-1,6.39317752279642,0.824936647426685
AACCACCGATTT,preNeu-3b,10.9149341718138,-4.85773692606727
AACCCCCGGTCT,preNeu-1,0.880618466514381,-11.2723678159598
AACCCCTTTGGC,ErP-3,-1.27431152902242,-12.0917810010795
AACCGACCAATA,preNeu-3c,10.0587253705442,-2.15646181582252
AACCGATGGACG,immNeu-1,12.6049537793577,2.28866388322075
AACCTATCGCGG,ErP-4,5.00644399084452,-12.0272820997123
AACCTCAGCCAC,ErP-HSC,-3.01588939271566,-8.80378661631385
AACCTCCCGTCA,preNeu-3c,7.61727811254862,-4.29026732920448
AACCTTGCCGCA,Mac-Nr1h3,4.17794395841959,-7.28831134318153
AACGGATAGTAG,ErP-HSC,-3.25144861779806,-7.94816146372596
AACGGCACTCGG,preNeu-3c,8.30881787695292,-2.49119172571937
AACGGCGTACCA,ErP-5,0.237066874730619,-11.6560290861015
AACGGCTGCCCC,proNeu-2,6.67809392370585,0.588402290355762
AACTACTTTTTC,immNeu-1,11.7543821469724,-1.73298440455238
AACTAGTAGCGA,EoP,2.18891526617411,-4.35441813944618
AACTAGTCCGAT,preNeu-3c,7.99719525732401,-4.95944915293495
AACTCACCCGGT,preNeu-3c,9.98113633551005,-4.23258195399086
AACTCCAGGCAG,proNeu-2,5.61843253530863,-0.400272529113689
AACTGATATATT,ML-ERP2-ADT,0.308332076746258,-11.0451139020805
AACTGCTTGCTG,MultiLin-1_Elane,-7.12112234674093,4.48893608571251
AACTGGAACTGG,proNeu-2,4.56405927099589,-0.963828783023754
AACTGGACGAGA,preBcrII-G2M,-1.0665253265917,10.4177795839425
AACTTAAGCTAG,MPP2-G2,-5.12855433068868,-4.89231381892006
AACTTCATTAAC,ErP-2,-2.77050946794149,-10.4525750684623
AACTTCCTTGAG,MEP-UNK,-3.60461639009115,-7.4515117215995
AACTTGGGCCCC,proNeu-2,5.29192735113505,1.19948532105645
AAGAATATGCGG,preNeu-1,8.44313813604716,-1.3138688611869
AAGAATCCGTTG,preNeu-3c,8.64533902563456,-3.26668892382423
AAGACAGAATTC,preNeu-3b,10.3227825299681,-5.68167291163246
AAGACGGGCGTT,immNeu-1,12.5616073743284,2.02109398366173
AAGAGAGCTGTT,immNeu-2,9.64610196508768,8.26395859242638
AAGAGTATTGGG,immNeu-2,9.33162022985819,8.47715153218468
AAGATCATTTCT,immNeu-1,12.0107612744749,5.8933860254403
AAGATGCATAAA,preNeu-1,4.31156541265849,-1.82554183481971
AAGCATGCTCCG,immNeu-2,10.0419864789427,7.94991268635949
AAGCCACCTAGT,preNeu-1,10.072468771118,-3.59966788767616
AAGCCAGGCTGC,preNeu-1,5.81020690359476,-0.717865686405102
AAGCGAACGCAT,preNeu-1,7.21159745611552,-0.291134517181316
AAGCGACGCGCC,preNeu-3c,9.47905923284891,-4.657772879589
AAGCGTGCATTA,preNeu-1,4.99796868719462,-3.85845122813026
AAGCTCCCTAGC,preNeu-3b,9.75235940374735,-4.85522256373207
AAGGAAAGAAGG,preNeu-1,4.68649197973612,-2.86102352618019
AAGGAACACGAT,preNeu-1,8.46646977819804,-3.70157084940712
AAGGAAGATTCA,immNeu-1,12.8834371701658,2.71518244267662
AAGGATGGTGAT,preNeu-1,7.61170102514628,-0.940113167751232
AAGGGGGCCGAA,immNeu-2,10.7805681363523,7.78904833317955
AAGGTAGTCAGT,cMoP-b,-1.17845188222524,3.38673820019921
AAGTAATAGTGG,proNeu-2,7.27035952963236,-0.693311672199169
AAGTATGGTCAG,proNeu-1a,1.21334530271891,0.789921422016224
AAGTCACCGTAA,preNeu-1,6.70832492269877,-3.86130986689369
AAGTCCGTGCTA,ML-CC,-3.62775562844869,-1.31268737791816
AAGTCTACTTAG,immNeu-2,11.4903907910765,6.70799507619103
AATAAGAACCTA,MPP2-G2,-5.33487557016012,-5.40431676386634
AATACATGTTGT,preNeu-1,5.09734631933573,-2.91315351008216
AATACGCACACT,immNeu-1,13.1125965253294,2.84546269894799
AATACGCTGATG,preNeu-3c,11.1203947202146,2.53096332074364
AATACTGCGGGT,preNeu-1,9.27035523809794,-2.71181450365821
AATAGCTGCTGT,preNeu-1,6.10970593847636,-3.96056447504799
AATCAAGAGAAA,preNeu-3a,8.07978631414774,-3.94403300761024
AATCCCGGATGC,preNeu-3c,1.34696055807475,-11.4169381666068
AATCGAATAGGG,ErP-3,0.459027512449058,-12.0367253827933
AATCGCTCGAAC,proNeu-2,5.51899768270853,-0.768019418704907
AATCGGCTACCT,proNeu-2,6.70624495901469,-0.62116662739555
AATCGGGTATAG,preNeu-1,8.67087460913065,-4.29416690348426
AATCTTCCTTCG,preNeu-1,8.10119677938822,-1.43181930064003
AATGATCAGGTT,preNeu-3c,11.4326934949339,-2.89837370394508
AATGCAAGCCTA,immNeu-1,12.4936103955686,5.89756597996911
AATGCACAGACT,immNeu-1,11.7176132337034,4.21170343877037
AATGGAATATAA,ErP-3,-1.03553401075002,-11.4652474927787
AATGGCAGATTA,preNeu-3c,6.81590606130961,-3.65987501620094
AATGGTGCAGTT,proNeu-2,5.4448089734495,0.23532149614056
AATGTTGGCCCT,preNeu-1,-0.942780361992088,3.32835735799034
AATGTTGTAAAG,preNeu-3c,-6.96913097940084,-6.86292396067421
AATTACCATAGT,proNeu-2,3.45230962194804,-2.00249538897316
AATTACCTTAGT,EoP,1.63674022116068,-4.08226762293617
AATTATAATTGC,immNeu-2,9.13013364233378,8.46746220112999
AATTCGGTTCCG,pre-cDC1a,3.5815289155424,12.3809839677926
AATTTACGTTCT,proNeu-2,4.45957328237894,0.550674621474346
AATTTAGTGATA,preNeu-3c,4.02978421606425,-7.7484916257743
AATTTCCGGATT,proNeu-2,7.01796866812113,1.03816010476311
ACAAACGGATAA,proNeu-2,5.08384515203837,0.801527489435276
ACAACGGTAGAA,ErP-3,1.27098001398447,-13.8196176099662
ACAAGGAGGGTC,immNeu-1,12.3291597501219,1.39785506249627
ACAAGTGGAAAC,immNeu-1,12.4746379987181,0.346264791202148
ACAATAGACAAG,preNeu-1,7.79776622213724,-0.843656043994824
ACAATCCTTCTA,EoP,2.84878946699503,-4.68565450190345
ACAATTCTGTGT,preNeu-1,8.4338808194578,-1.16705880640785
ACAATTTAACCA,MP,-0.0624061688005601,2.67029203892907
ACACACCCAATT,preNeu-2,10.210667623657,-5.60547099589149
ACACAGACCCCT,ErP-3,1.53047443785075,-13.4087117719535
ACACCCAGTCGG,ML-ERP2-ADT,1.1760888234556,-13.5976069974784
ACACCGCTTCGT,preNeu-2,6.13275720037821,-3.88932261942665
ACACCTGGACCT,preNeu-3a,7.52919532217387,-3.1400841283683
ACACGCCAAAAG,immNeu-2,10.5731153623045,7.91021503926476
ACACGTATCAGT,immNeu-1,12.6089706555784,3.98704041959008
ACAGAGCGTGGT,preNeu-3c,11.9448881284178,-1.35113296984474
ACAGCAGCCCCA,preNeu-2,0.33802726723555,-11.1590837049369
ACAGCGACTCTA,CLP1-a,-8.42438791833517,4.82796492100914
ACAGTGCGGGCA,MEP-UNK,-4.72084902368185,-5.18273292063514
ACAGTTGACTAC,preNeu-1,9.55449487127665,-4.13273892878334
ACATATTGCTCC,preNeu-1,7.75756026663187,-2.4647112893943
ACATCAATCTCC,preNeu-1,12.2881117001951,-1.02233765600959
ACATCAGGATTT,preNeu-3c,8.52434827246073,-4.26991162775795
ACATGTGCGCAG,proNeu-2,5.1111760274351,-0.418121020782391
ACATTCCCGACA,ErP-MEP,-5.85004519067403,-5.631893973339
ACATTCGGGGCA,preNeu-1,8.78349687017802,-3.52614269732277
ACCAACCCTGAG,ErP-3,0.466460986512932,-13.6391442823295
ACCAACTTCCCA,preNeu-3b,12.3343382016599,-4.6605018186454
ACCAATGCACTA,preNeu-3b,11.2856674329222,-4.42265496729652
ACCAGACGGGAG,immNeu-1,12.6995010510862,0.603168864261707
ACCAGGTTTCTC,preNeu-3b,12.0159845487058,-4.02571139811317
ACCCACGGGGGT,ErP-5,0.921853138583931,-13.6319192457084
ACCCATCAAACT,preNeu-3c,11.7487859860838,-3.45871363161842
ACCCCAAGTTAC,proNeu-2,5.20380736746195,1.35650505543908
ACCCCCCCTGTA,preNeu-3c,10.4842958585203,-4.14044938563148
ACCCCTACGGGC,preNeu-2,6.48563434042338,-3.85166345118324
ACCCCTGACACG,cMoP-b,4.55481578268412,10.1397224855538
ACCCCTTTAGTC,MultiLin-1_Elane,4.59456826605204,-2.93751035212318
ACCCGATGGATA,preNeu-3c,11.1147785321653,-4.28098474024574
ACCCGCAACTGT,proNeu-2,6.4478025571287,-0.29539130209724
ACCCGTATGCTG,preNeu-3c,10.1328096524656,-2.25534878252784
ACCGATTTAGAC,preBcrII-S,-2.66737650476095,10.1016622972604
ACCGCCTCTAGG,preNeu-1,12.2662735120237,1.84125341893395
ACCGGGATGTTG,preNeu-1,9.0218410626829,-2.75050602434913
ACCGGTGTAACG,cMoP-b,-1.04993246636984,3.23637141705712
ACCGTCGTGGTC,immNeu-1,11.8226995603025,-1.2964709806327
ACCGTTTACAAA,preNeu-3c,7.81428243078593,-4.92667136668006
ACCTACGAGCCG,immNeu-3,8.92386342443827,8.30826630116661
ACCTAGAGCGTG,preNeu-3b,10.8419990674436,-3.94479928492347
ACCTCCGGTCAG,preNeu-3b,12.1024513379515,-3.62421737192909
ACCTCGTTGCAA,preNeu-3b,13.1066513196409,-3.54270325182716
ACCTGATAGAGC,preNeu-3c,11.8961763516844,-2.24253569124977
ACCTGGAGGGGG,pre-cDC1a,4.13805152334574,12.6573931169625
ACGAAAAGCCTG,immNeu-1,13.0024204389036,1.87817241669854
ACGACAGCGGGT,immNeu-1,12.2686119214475,0.8393835616227
ACGACGAGGGCC,preNeu-3b,12.8623647824705,-3.44181428431312
ACGACGCGCCAG,immNeu-1,12.7938213483274,4.41363920689782
ACGAGCACATTT,preNeu-3c,10.5226984158933,-3.60315666674415
ACGAGCGCGCTC,immNeu-1,12.8244609967649,2.60788192273339
ACGATTCAACAG,preNeu-1,8.01851226248148,-2.60593901156227
ACGCCAACTTGC,ErP-5,3.25562883772257,-13.1788972425346
ACGCCACCCGGA,preNeu-1,7.1251535550535,0.034009475719532
ACGCCCCTAATC,preNeu-1,7.92225409902933,-1.10317943571846
ACGCGCAAGGCA,ErP-2,-2.73015712342855,-9.1639197873954
ACGCGCCCTTTG,preNeu-3c,11.3410501614988,-3.08470378397743
ACGCGGAAAACC,ErP-3,-0.031896965128151,-12.7445043134574
ACGCGTATCCAA,immNeu-1,12.2004556790769,1.46487631322106
ACGCTGCTGCTG,preNeu-1,-1.38376401506063,-11.8098033475761
ACGGAGGTAAAA,immNeu-1,12.0180540219724,3.83393325329979
ACGGATGTCGAG,cMoP-b,-0.481609688621727,3.07847775937279
ACGGATTTGTTC,MP,1.15518106378916,1.17431398154457
ACGGCGAGAGGG,immNeu-1,12.9578352109373,4.36633743764122
ACGGCGTTATGG,proNeu-1b,4.17873050131205,-0.51164160250465
ACGGGAGTCGTA,proNeu-1b,4.47112847723368,1.87996127129753
ACGGGTAAGCCG,immNeu-1,12.8661346570433,3.58778037549218
ACGTAATTGGCG,preNeu-3a,8.21076013006571,-4.62876782892982
ACGTATATCCTG,ErP-3,0.0858527184307899,-13.1818784284476
ACGTATATGGTT,preNeu-1,7.56506444372538,-3.0003238725547
ACGTGCTGCCCC,ErP-5,1.31816090502146,-13.7888139295463
ACGTTTCCATTT,preNeu-1,8.85040284551981,-2.24147305964271
ACTAAGGAAAAG,preNeu-1,7.96240617193583,-0.375971775043407
ACTAATGTACAT,CLP1-a,-9.66044710717794,0.901982624542316
ACTACTCCATTA,MP,-1.05106066308614,2.8212105226632
ACTAGATATTAC,EoP,2.3421170846403,-4.46170459269325
ACTATCTGGATT,Mac-Nr1h3,3.98598624624613,-7.12127719401161
ACTATGGAGTTC,preNeu-1,-0.859786496978966,3.45742740155419
ACTCCGGCACCG,immNeu-1,12.0149488583982,2.30097605706414
ACTCCTTCCGCC,proNeu-1b,3.01079584516886,0.840835292350849
ACTCGACGGTGG,immNeu-1,11.5324850217283,1.04111923695763
ACTCGCAATATC,preNeu-1,6.60186005987528,0.499737445723614
ACTCGTTAAGGC,immNeu-1,11.558344854492,6.94289841176232
ACTCTGGACCGC,preNeu-3b,10.1442623273313,-5.45050178049842
ACTGCTATAAGC,preNeu-3c,10.5562133923948,-3.99651990412513
ACTGCTTTCCGT,preNeu-3c,8.78224088110331,-3.84372268198768
ACTGGCTCTAAA,ErP-4,4.15977670111063,-12.6485494184379
ACTGTACTTCCT,immNeu-1,12.7345819608152,4.01866878987511
ACTGTTATGTTC,immNeu-1,12.0415239468992,2.39768137456139
ACTTAACTGAGC,proNeu-2,6.25569964804057,-0.534764211166302
ACTTATTAGTCT,MP,1.05729652799967,1.97670247079094
ACTTCTAATTGG,preNeu-3a,8.89756966986063,-5.34728513239662
ACTTGGACTCAG,pre-Baso,-2.00932954393026,-4.71237407206337
ACTTGTCGGAGT,MultiLin-1_Elane,-9.19255827508566,0.16917723835667
ACTTTAACGTCC,EoP,1.05130107559565,-3.68046269892494
ACTTTCCACAAA,preNeu-3c,-7.26358746133443,-6.91805158137123
ACTTTGAGTACG,ErP-3,-0.516507314068047,-11.1410068082694
ACTTTGCTGTCT,preNeu-1,8.05446292318705,-1.9941450166587
ACTTTGTGCCGA,preNeu-2,-1.2647755011141,3.57853617192467
AGAAACTCTCGA,proNeu-2,5.64297152914408,1.43868185998162
AGAACACGCACG,immNeu-1,12.5796022550047,1.15303375245293
AGAACTTCGCTC,Mac-Nr1h3,4.17235542692545,-7.25901446818153
AGAACTTGGCAC,preNeu-3c,11.3200187817991,-4.0128639745597
AGAATATACTTT,immNeu-1,12.0838232175291,6.37199701787194
AGAATTGCGCGA,preNeu-1,2.89953066267374,-4.28640637873451
AGACCAGTGCCG,preNeu-3b,11.4533996716917,-4.20434985636512
AGACTTTCGTGA,immNeu-1,12.0532493726194,6.6319581461068
AGAGAGCACCCC,preNeu-3c,12.0228166715086,-0.444440762985149
AGAGAGTGCCCA,proNeu-2,6.28194381155375,-0.42830751417915
AGAGCACTGGTA,Mac-Nr1h3,4.12470699705485,-7.25334058283607
AGAGCTCAGGAA,preNeu-1,7.19491244711283,-0.668107013690868
AGAGTATGTAGT,immNeu-2,10.6822834149778,7.73689379216393
AGAGTGTTAGTC,immNeu-2,11.8410539761961,6.69024576665123
AGAGTTTCATAT,Mac-Nr1h3,4.1175851956785,-7.16294084070961
AGATATTCCAAG,ErP-2,-0.613395558220116,-11.4403937864188
AGATCATGATAA,immNeu-1,11.7833299771726,6.28808273793419
AGATGCCCCGGA,ErP-3,-0.410868750435082,-11.3072370099906
AGATGCTTGGCA,preNeu-3b,9.68635178961161,-5.51362691401283
AGATTATGATAC,ErP-5,2.51052571691874,-13.2608235883598
AGATTGAAAATG,preNeu-3b,12.3815775052488,-5.01256976603309
AGCAAAACCTAG,immNeu-2,10.2859544888914,7.37584461690148
AGCAAACTACCT,preNeu-3a,7.45338870443705,-3.24171720026771
AGCAACAAGGCG,preNeu-2,7.00166655935648,-3.91613803385536
AGCACGGAACCA,immNeu-1,11.8058376447141,6.76445497990807
AGCACTGTTCGG,MP,0.223489951792392,2.40435423375328
AGCAGACACAAA,immNeu-1,12.7864570752561,2.54649533749779
AGCAGGGAGTAG,preNeu-3a,8.87809850134257,-5.02489982126991
AGCAGTAGGCGG,ErP-3,-0.985027538162437,-11.9187930631522
AGCATCCCGGCG,preNeu-3c,11.8561773435057,3.74477972508629
AGCATCTCTTCC,immNeu-1,11.5743370191038,6.6398083162423
AGCCGACTGCGT,Mac-Nr1h3,4.19567061819437,-7.13200269221107
AGCCGTAGACGC,preNeu-3c,9.66156770147684,-3.84194074152748
AGCCTCGACTAC,preNeu-3b,11.1318407193601,-4.85558448313514
AGCCTTCTAAGT,ML-1b,-3.55187605462667,-0.201360683429638
AGCCTTGACATA,preNeu-2,-4.10005186639425,0.746041704427799
AGCGAGTGACCT,cMoP-b,-0.299311594587532,2.94230403424462
AGCGATGTTATC,preNeu-1,8.87530614294413,-2.24159012316505
AGCGCTAGAGGC,preNeu-3c,6.966255678314,-4.01344047068397
AGCGGGCACACA,preNeu-3b,11.3805227414549,-4.01278672694007
AGCGTCGGCGGC,pre-cDC1b,4.23975230612162,12.8293138933297
AGCGTGCTTATA,preNeu-3c,10.7272863522947,-5.7865422773246
AGCGTTTGCGCT,MDP-1,-5.00204752526876,0.349093437653383
AGCTAACACGTT,proNeu-2,-0.702558623176781,-12.1974061536674
AGCTCCTTTCCC,cMoP-b,-1.11707912526723,3.45053352833947
AGCTCGCGTTAG,cMoP-b,-0.914824472290245,3.58221783162316
AGCTGAGCATCA,cMoP-b,-0.152805821520058,2.83042659283837
AGCTTTACTACT,proNeu-2,5.52144576467875,1.3462724876519
AGGAAATTCGTT,preNeu-3c,9.61769868292216,-5.27240214823524
AGGACGAAGGCC,preNeu-3c,9.65359403051737,-2.57869325159828
AGGAGTGTAGGT,preNeu-3b,12.1664228574217,-4.31934438227455
AGGATTGATGAA,proNeu-2,5.67460633673075,-0.698488454807201
AGGCACCGTAAA,preNeu-3a,7.35579396643046,-4.16089330195228
AGGCCCGCTCGG,ErP-2,-2.03895686708089,-11.5311654615287
AGGCCTCGCCGG,preNeu-3b,12.3531236783445,-3.70492492197792
AGGCGAGAAAGT,immNeu-1,13.0961847440183,2.44715132237633
AGGCGAGGCTTA,preNeu-3c,10.035543455261,-2.30832276819984
AGGCGTCACACG,preNeu-1,8.57514382757548,-2.76704679011146
AGGCTCATATAC,preNeu-3b,12.7002239362181,-3.58698640345375
AGGGAACCGCTG,preNeu-3b,12.6779461041868,-3.55616794108192
AGGGAAGGTTTG,preNeu-2,-3.85512970529195,-5.90685782908241
AGGGACTGTCCT,preNeu-1,5.01718045629862,-3.02788982867042
AGGGATGGGGAA,MP,-1.29286728940603,3.08549465657433
AGGGATTTTGCC,immNeu-1,12.7876491681516,2.69678153516014
AGGGCTCCGGAA,preNeu-3c,12.1734619275511,0.0568267893906441
AGGGGACGGCTT,proNeu-1b,4.12675906576517,-0.816221933353344
AGGGGTTAGTGG,immNeu-1,12.2689905301512,0.413214836728176
AGGGTACCTCCT,preNeu-3c,9.5071172849119,-4.59103522776405
AGGGTCCCCACA,EoP,2.08314873136881,-4.34776483057777
AGGTAATCTCGA,ErP-5,0.0631261453807677,-11.5104363965873
AGGTCCCTCGTC,preNeu-3c,10.16561604895,-3.27473078249733
AGGTCTTAGATC,MP,-0.767590926510063,1.65875639439782
AGGTGAACGACG,preNeu-3c,6.78627396978739,-3.7905705976371
AGTAACGTGTTT,immNeu-2,11.2059631482542,7.49220432759484
AGTAAGCGTCAA,ML-ERP2-ADT,0.260356059747967,-10.9824727582816
AGTACGACTTCA,preNeu-1,8.92836095251444,-1.71055922983924
AGTAGAAACATG,MP,0.456622733253273,1.47257019997795
AGTAGCGAGACG,ErP-3,0.523010207790169,-11.7293952512626
AGTATATTATCT,immNeu-2,11.4558506146849,7.40109648228844
AGTATCCGTGCT,immNeu-1,12.2019224301756,5.09986176015099
AGTCAATCACGC,immNeu-2,9.9620733395994,7.89844574452599
AGTCACGCCACG,immNeu-2,10.2802972928465,6.95351995946129
AGTCAGTTCACG,immNeu-2,9.58893109716776,8.32771362782677
AGTCAGTTTTGT,preNeu-3c,8.93775082983378,-3.40374408243934
AGTCCCCATTCT,immNeu-2,10.1315488950193,7.87592186452111
AGTCGCAAGTGC,EoP,2.34204532064799,-4.45573935984413
AGTCTTCGCTAA,immNeu-1,12.7786979810179,4.95696224690636
AGTGGGCTGACT,preNeu-1,9.97876645483378,-2.41086707590858
AGTGGGTGATAG,preNeu-3b,10.006867422241,-5.13866982935707
AGTGGTCCTAAC,preNeu-3b,11.340366377014,-5.04210696696083
AGTGTTTATATT,preNeu-3b,9.80029298223856,-6.00891242502967
AGTTACAGCGAC,ErP-5,0.677450342553886,-12.1630071210746
AGTTACGTGACA,immNeu-1,12.7120618955076,0.97015531779488
AGTTAGTGGGTG,preNeu-1,7.49161960043314,0.110150475513538
AGTTCACAGGCT,EoP,1.7533308402479,-4.29060445307533
AGTTCCCGCCCT,pDC,-6.35505579553243,3.13269032956322
AGTTCGTCGTGA,ErP-3,-1.59228764615652,-12.3725188779716
AGTTGAAACAAA,preNeu-3b,10.9266729489744,-5.51601777552406
AGTTGACTACCT,preNeu-3c,9.52958680548075,-5.16754136561195
ATAACGTGTGAC,pro-Mast,-3.35638331018087,-6.67712102412025
ATAAGGATGGGG,preNeu-3b,9.33267976202372,-5.9031284856681
ATAATAAATGCT,immNeu-2,11.844929708618,6.55858101369103
ATAATAGGGTAT,preNeu-3c,13.0321388379515,3.06004418851097
ATAATATCTAGC,immNeu-2,11.4816875592649,7.27461447240075
ATAATTGGTTAG,proNeu-2,5.73954726614359,0.948758144390186
ATACACTCTCGC,preNeu-1,8.15395928778056,-2.36296210764686
ATACCAAGGGAA,proNeu-2,5.76018191732767,-0.148286353338161
ATACCGTCACCT,cMoP-b,-0.261269228082863,3.01667084218224
ATACCGTCACTG,MkP-Kit,-7.07292221627828,-6.85661540507118
ATACCTCCGATT,immNeu-2,11.9981937543333,6.50632347584923
ATAGCTCTTCTT,preNeu-3b,11.0342092648924,-5.31949649332801
ATAGTAATGTAG,preNeu-3c,8.25255681433085,-4.60943685053627
ATAGTAGGGACG,MkP-HSC,-7.20426891885397,-5.54808841227333
ATAGTTATGACC,immNeu-2,9.59035779394511,8.4125076723214
ATATACAAATCT,immNeu-2,4.51722480215433,-6.77156625269691
ATATAGAACCGT,BMCP-G2,-3.3021802767336,-3.88230071543495
ATATGACAACCG,ALP-b,-4.2304577692568,4.54976524831017
ATATTAGGGTTA,preNeu-1,7.61390782751444,-3.93548379420082
ATATTGCCTGAT,ErP-5,2.76929737486246,-13.2896674680595
ATCAAAAGCCCC,MkP-Kit,-7.78804539285299,-6.74716983317176
ATCAGCCCTACG,immNeu-1,12.6896019116819,3.3534690332528
ATCAGGGTTCAA,preNeu-1,6.96939231314066,-3.70648656367103
ATCATACCGAAA,preNeu-3c,-8.6110820635378,0.363869112443527
ATCATTGGGCTA,immNeu-1,11.6026449338377,6.64313950062951
ATCCAACCTTCA,preNeu-3c,10.8440895215452,-5.42101417063514
ATCCCGCCTTCG,immNeu-2,7.75329018988016,7.35532822133263
ATCCGCATTAAC,MkP-HSC,-7.16600655160543,-4.55999980448524
ATCCGTTCATTG,preNeu-3b,13.1777944699705,-4.20442567347328
ATCCTCCATGGC,preNeu-3c,12.4352808133543,-4.03548560618202
ATCCTTTGTCAA,ML-ERP2-ADT,0.412825627702507,-11.5625337171439
ATCGCATGCATG,immNeu-1,12.2700815335691,6.33836330891808
ATCGGGATTTAG,ErP-3,-1.06158791623708,-11.7801135587577
ATCGTAACAAGT,preNeu-1,6.69176627554301,-3.89368567942421
ATCGTCAAGAAT,preNeu-3c,10.0982027188719,-5.14243350504676
ATCGTCCCAGTC,preNeu-1,0.0676272497356261,3.49446572781762
ATCTATCACAAG,preNeu-1,9.94588281072977,-3.36731086252967
ATCTATCTTGCA,immNeu-2,11.4984398023069,7.08231510640343
ATCTCACTCGTC,preNeu-1,7.7860102788389,0.113177154671749
ATCTCCAATAGA,preNeu-1,5.14799500860575,-2.28464255808632
ATCTCCTTTTAA,preNeu-3a,7.98856736578349,-4.60957036494056
ATCTGGACATTA,preNeu-1,6.15080739416483,-3.41110883234779
ATCTGTCGCGCA,immNeu-1,12.7209262982786,3.95964660168847
ATCTTCGTCCAT,preNeu-3a,9.18195916571024,-5.09562240122596
ATCTTTCATGGC,preNeu-2,6.87414313711527,-3.88574157236854
ATGAATCCCCTT,ErP-2,-3.04738544068929,-10.2888482618217
ATGACAGGAAAC,ErP-4,4.34124185003641,-12.6985019254569
ATGACGACCCCG,preNeu-3b,12.7992401257933,-4.52962813853065
ATGACGGTCAGG,proNeu-1a,3.88659645475748,-2.70821915148536
ATGATCTACGCA,preNeu-3b,11.1187219754637,-5.63049350260536
ATGCACTACCGG,MP,4.31438399710062,-2.43845448969642
ATGCCCGAGTAA,MP,3.85058547415141,-2.89831743716041
ATGCGAGGATCT,immNeu-1,12.5701742307127,4.56719078541954
ATGCGCAGTAAG,ErP-2,-2.01925753198263,-12.1049197721366
ATGCGCTTTCAG,EoP,0.812755002158913,-3.66576323984901
ATGCTACACTTC,immNeu-1,12.7979803220213,2.3981946897622
ATGGAATTTGAA,preNeu-3c,7.97735358633402,-4.4122313070182
ATGGTCCTAGTT,proNeu-2,5.82786513723734,-0.712365608203808
ATGGTTAGGATG,immNeu-1,13.1920757428587,2.29677571774681
ATGTACATGTTT,preNeu-3c,12.3180303708494,-2.59108624933998
ATGTCAAGTTTT,aceNKP,-2.14603708825704,7.88178696156701
ATGTCCCGACCG,preNeu-3b,11.9314012662351,-5.18219123362342
ATGTCGTCGGTT,MkP-HSC,-7.3442101343691,-5.66053328989784
ATGTTGTGTACC,MP,-0.0632223053991471,2.7170103979226
ATTACCTGAGCC,preNeu-3a,7.41076184667948,-3.28837047098915
ATTAGACAAAAT,cMoP-b,-1.67061208329794,2.60293640614708
ATTAGCCCGCGC,preNeu-3b,12.1391973630369,-3.43817267893592
ATTAGGTGTGAT,proNeu-1a,5.00472403921488,1.31199504853447
ATTATTGGAATT,immNeu-1,12.6175794736326,5.40444817067345
ATTCAATACACC,preNeu-1,3.04358984388712,-4.11923442362587
ATTCAGCTTGAG,proNeu-2,7.67288209356669,0.120952073943218
ATTCAGGAAGGC,preNeu-3c,8.548690809387,-4.9520581769828
ATTCAGGTAACA,preNeu-1,7.69823886312846,-1.51030455111305
ATTCCGGACCTA,proNeu-2,5.93353272833231,-0.690770487773815
ATTCGAGCCCCC,proNeu-2,5.16709185995463,-0.999928812969128
ATTCGCGCGCTA,preNeu-1,6.48455954946879,-3.87828813074867
ATTCGGAATAAC,preNeu-1,2.36234094061259,-3.04877195833961
ATTCGGTAGGAA,immNeu-1,12.4012785092771,6.10813631535729
ATTCGGTGCACG,preNeu-1,-0.122811065536705,-11.8571055936698
ATTCTACGTTTG,immNeu-1,12.8482027188719,3.11092724324425
ATTCTTCAGCAA,ErP-3,1.75266934790018,-13.1155608701591
ATTCTTTTAACG,immNeu-1,12.8438863889158,2.95073236943444
ATTGGTGCACTT,proNeu-2,6.7558932439268,-0.696110229480663
ATTGTGCATAAT,MDP-1,-0.861985908371178,-0.0465659010295067
ATTTATTCCTGA,ErP-5,2.51119758047465,-13.7172854947929
ATTTCGCATGAT,preNeu-3a,7.6187648908079,-3.90358529566566
ATTTTAAAGCGG,pre-cDC1b,4.31993342794779,12.6202522707101
ATTTTCGCTGCA,EoP,2.73770500578288,-4.66571412562172
CAAAAAAATGGG,cMoP-a,4.98293925680521,10.8186470461007
CAAAAGCTAATT,preNeu-3c,4.76395465292338,-6.61348376749794
CAAAAGGACCCA,preNeu-1,8.90844060339335,-2.59442101000587
CAAAATTATTCG,EoP,2.35479928411845,-4.47781453608314
CAAACACAACCA,pre-Baso,-0.615279601436821,-4.48992333887855
CAAACTGGATGC,MP,0.0121127054870452,2.85427846432885
CAAACTTACACA,MPP5 Ly-I,-10.0789441927492,0.37055031628569
CAAAGACGATCG,ErP-5,4.10290767111185,-12.6744216489677
CAAATCGTAGAT,preNeu-3b,11.3622865811766,-3.97699676035682
CAACAAACGTCT,immNeu-2,10.8902483121336,7.81727518559655
CAACAATAGAAT,preNeu-1,1.00579632677439,-11.4495070981864
CAACCCCGGATT,cMoP-b,-1.45962976060506,2.03486933232506
CAACCGAATTTT,preNeu-3c,7.7580995694578,-4.41344771860878
CAACCGGTTTCC,proNeu-2,6.38645841040018,1.20568384648522
CAACCTAAGCTC,proNeu-2,2.19040454782847,-3.57522426127235
CAACCTCCGGCC,immNeu-2,12.0827531949461,6.38150848866661
CAACTGGCTAGT,preNeu-1,4.24158669866923,0.335541406173607
CAAGCAGGACGT,immNeu-2,9.92920972265604,7.94898142338952
CAAGCCAAGGTC,proNeu-1a,4.32344008840922,1.87201656819542
CAAGCCGCGGTT,MPP5 Ly-I,-9.95810125909444,0.976621766101917
CAAGCTCCTCTT,immNeu-1,12.2776270047605,-0.995415430057446
CAAGGATTAGTA,immNeu-2,10.7202119962156,7.755970139515
CAAGGGAATAGC,preNeu-3c,9.74644280828837,-5.11167655466835
CAAGTGCACCCC,preNeu-1,6.60146428503397,-3.89918265818397
CAATAACTTAGC,MPP1-G1,-8.12512682519552,-2.04626856325904
CAATCACTATCC,preNeu-2,1.57637609400156,-13.6279481458549
CAATCCGTAAAA,preNeu-3c,9.0222654477537,-5.46342883585731
CAATCTTCGACG,preNeu-1,6.99682046331766,-0.427272121894756
CAATTTTCCTCT,immNeu-2,11.7274894849241,6.86760916234215
CACAAATAGAGC,MPP5 Ly-I,-10.0280122622072,0.198732305776676
CACAACAGTCGT,ML-CC,-2.9372494085848,3.93174471379479
CACAATAGTTAG,preNeu-3c,11.3079671994627,-3.69338021754066
CACACAGCCCCC,preNeu-1,0.292049160677227,-11.1094611692313
CACACCGCTTGC,immNeu-2,10.3764305249632,8.05258907796105
CACACTGCTAGT,preNeu-3b,11.0279264584959,-4.14492402552406
CACACTTATCTC,preNeu-1,7.18583442129496,-3.79180942057411
CACAGGATTATT,immNeu-2,11.3113870755613,7.45334019185265
CACATAAAATAT,preNeu-1,7.66672994055155,-2.44853148936073
CACCAACCTGAA,preB-kappa,-1.02445195756551,12.7224317979928
CACCCCCGCATA,immNeu-1,12.8256797925413,4.19364418507775
CACCCCGGGCTC,immNeu-2,12.2507515088499,5.45710815907677
CACGAAAACGGT,plasmaDC,2.41865254797343,9.95459236623009
CACGCGGCCGGG,preNeu-1,4.87550736822489,-0.839317183483044
CACGCTAAGTTA,preNeu-1,6.44121886648539,-3.88391337870399
CACGCTACTATA,MPP5 Ly-I,-11.3441390856325,-0.153090994346539
CACGCTCGATCC,preNeu-1,7.87326766409281,-1.65622423170845
CACGGCCCCGGA,ErP-5,2.78723384298685,-12.8718713331107
CACGGTATCGGT,preNeu-3b,10.0040817395628,-4.62289033411781
CACGGTCCTCCG,MultiLin-1_Elane,3.73995710768107,-2.79428182123939
CACGTATACTAC,immNeu-1,13.000742925781,2.02068175793847
CACGTATTGGTG,preNeu-3a,8.27937795080546,-4.80394063471595
CACTAAAAACTA,ErP-3,-1.0161365135729,-12.5086787748222
CACTACAGACCA,immNeu-1,12.133070005554,0.493874866973957
CACTCTTCGGGA,preNeu-2,0.821444703716072,-11.2385886716727
CACTTTCCCACT,preNeu-1,9.60280133642557,-3.94330296992103
CACTTTGGGGGT,ML-CC,-2.07448767266866,0.85588016034325
CAGACGAAGTAT,preNeu-1,7.72447110571268,-1.29891536711494
CAGACTGGTTTT,preNeu-3c,12.385059370178,1.94873001099785
CAGAGCTTAGAT,preNeu-3c,7.78475333608988,-3.37356291292945
CAGAGTCACGCT,preNeu-2,-0.329428718906609,3.10003532887658
CAGATCAAACCT,EoP,2.43565060057047,-4.50098405360023
CAGATCCCGCCC,cMoP-b,-1.46688757978078,3.31189145566185
CAGATGACCCTG,preNeu-3a,11.5732336179197,0.049022276413044
CAGCAAAATATC,proNeu-1b,2.40857340254191,1.12917598010262
CAGCAACGAATA,ErP-3,-1.2939696177065,-11.9182094144706
CAGCACGCACTC,proNeu-1a,2.35698081411723,1.50538625241478
CAGCATGAGGCT,ErP-1,-1.58953367314932,-10.9464839506034
CAGCCAGCAATT,ML-2,3.69993497290018,-3.06350074290077
CAGCCGGGTGCG,preNeu-3b,11.1419448987425,-5.44279418467323
CAGCGGTGCTTT,MP,0.512737108844551,1.25126214743813
CAGCTAGCACCA,preNeu-3a,11.9510660306394,0.88447793246468
CAGGCAACGTAG,immNeu-1,12.6166277066648,1.48154725552758
CAGGCCGTGGGG,ErP-3,-0.0092461719333802,-12.7494605588798
CAGGCGCGAACA,proNeu-2,3.21833397306803,0.0470836353417244
CAGGCTAGTCGC,BMCP-G2,-3.44542144380209,-3.57562575815956
CAGGGATGACGC,preNeu-3a,7.9160208836973,-5.04396520136634
CAGGTTCTTCGT,preNeu-1,6.5361437932432,-3.74448762415687
CAGTATCGCCTC,ErP-5,1.52827407278422,-13.6903184461478
CAGTGCCCGAGC,preNeu-1,9.986847890991,-2.89112172602455
CAGTGGTACCAC,preNeu-3c,11.5108728543699,-0.0256303357962761
CAGTGTGGACTG,preNeu-1,4.80102206625346,-3.16391430376808
CAGTTAATTCCT,MP,-1.21711610398885,2.64067043782433
CATAAACTAGGG,pDC,-6.43274973474142,2.58248986722191
CATAAATAGTGT,preNeu-3a,7.95950271047953,-4.75200734614173
CATACAAATCCA,cMoP-b,-1.25537870965597,3.19560493947228
CATAGCCAGCCC,proNeu-2,6.00097896017435,0.757183988105854
CATAGGTCTAAT,ErP-2,-1.01124845586416,-11.7369416761283
CATCATCCCTGG,immNeu-1,12.6238784924925,2.00909592629631
CATCCTCTGCTT,immNeu-1,12.2484769956053,-0.520976405132214
CATCCTTCCCAA,preNeu-1,8.11057998098734,-2.17587481020729
CATCGTATCATA,preNeu-3c,7.16186191000346,-4.08065925120155
CATCTCATGCAA,preNeu-1,5.2293810979307,-2.85915503977577
CATCTCCCAACC,preNeu-3a,8.33296586431864,-5.31159053324501
CATCTTTGCCAA,cMoP-b,-1.14449428163168,2.53359617711266
CATGCTGTGGGC,immNeu-1,12.6740379468382,4.50371708394249
CATGGGCAAAAG,preNeu-3c,8.99312402166727,-5.00328908442298
CATGTAAACTAG,proNeu-1b,3.5447902814329,0.705641944419941
CATGTATAGGTC,preNeu-1,9.97567845739725,-4.84145722864906
CATGTATGAGTT,proNeu-1b,4.6196570531309,-0.816598634708325
CATGTTACGTCG,ML-ERP2-ADT,-0.220126525980202,-11.1070483732108
CATGTTCATGAG,MkP-Kit,-7.06467817865011,-6.84790311335365
CATTCCTGGCTC,preNeu-1,7.27755309500101,-0.696376185405651
CCAACAAGTAGT,preNeu-3c,11.0779066220701,-3.61932287691871
CCAACCAAATCC,preNeu-3c,6.59608556188944,-3.90268025873939
CCAACTACGTCG,preNeu-3c,10.8258743421018,-4.39826379298011
CCACAAGCAAAA,proNeu-1b,4.18450976766947,1.6075532627221
CCACAAGTTGGT,ErP-3,-0.131734506708351,-11.5622848081473
CCACACACTGTC,pre-Baso,-1.61346517644521,-5.07214961527626
CCACACTGTTTG,preNeu-1,7.31262542166117,-0.722786407459179
CCACATTTAAGC,proNeu-2,4.04105116285685,-1.82325563906471
CCACCACGACGT,immNeu-1,11.9236269132078,3.01091351033409
CCACCGAATCTT,preNeu-1,5.43454505361918,0.222072337281307
CCACGTAGAGCG,MP,0.348580776232513,0.976094086181721
CCACGTGACTGA,preNeu-1,7.09911872305277,-0.0007099616412315
CCACGTTTCTCA,ErP-2,-2.63211272798177,-11.1414407300834
CCACTAAGAGGG,preB-kappa,-0.522062943798271,12.5797811937447
CCAGAGCGGAGA,pro-Mast,-2.38116000733968,-6.03840575693885
CCAGCTTCGGCC,preNeu-1,7.94233800329569,-3.71646771906654
CCAGGCGACCAG,preNeu-1,5.46528388418558,-3.00982628344337
CCAGGGTATAGC,IG2-proNeu1,2.03165389456156,-0.192212443340221
CCAGTAGCCTCG,immNeu-1,12.7376613751829,4.97804941655358
CCATAGTCGTAC,proNeu-1a,4.85942746557597,1.15494199515541
CCATCCGAAAAC,preNeu-3c,8.0021557942808,-4.16134820460121
CCATGGACCCTC,ML-MDP,-6.33816097818014,3.31178678990563
CCATGGCGAGCC,ErP-3,0.360805271643433,-12.9248460340385
CCATGTAACTTA,preNeu-1,10.6498441831053,-3.94899068354408
CCATTCCAGCAG,preNeu-1,5.46573974050883,-2.73841629504005
CCATTGCGTAAC,proNeu-2,6.91722966589335,0.6669903290387
CCATTGGCTGTT,immNeu-3,8.18246556677225,8.73977436543663
CCCAAAGTTTGT,preNeu-1,9.26856900610331,-1.60579619883339
CCCAAGGAGCGA,preNeu-3c,12.3184633389891,4.56980814458092
CCCAAGGTTGTT,preNeu-1,0.692046804803642,-11.7155269193534
CCCAATGCATCG,preNeu-1,5.04053546347025,-2.47403417109291
CCCAATGCTTCG,ML-MDP,-6.74220417581197,3.71536340237816
CCCAATGGTGAT,preNeu-1,2.66179276861552,-4.53640208720008
CCCCAATCTGGA,immNeu-1,12.7670650617063,3.67779292584618
CCCCCAATTCCT,preNeu-1,7.87195302404765,-3.64087305544654
CCCCCATTCTTC,preNeu-1,9.28003503240946,-3.30443058489601
CCCCCTACCTGT,proNeu-2,6.25670577444437,-0.514399867046276
CCCCCTCTGGCC,MPP3-S,-10.2854747637331,-0.610473673332134
CCCCCTGACATT,cMoP-b,-1.09419475637075,3.10428442479332
CCCCGACTAGTC,preNeu-3b,11.1550703183592,-4.86099658488075
CCCCGTGATGAC,preNeu-2,1.21759570993784,9.62420715810021
CCCCTAGGCAGG,preNeu-1,5.65104628958109,-2.51851735590736
CCCGAAAACTCC,immNeu-1,12.7242078916014,4.37133993626793
CCCGAGCTTCGT,immNeu-1,12.5793075696409,2.18906893254479
CCCGATTCTCCA,preNeu-3a,7.76691056646708,-4.57601390360633
CCCGGGGTCGCG,Mac-Nr1h3,4.10893799223307,-7.14889226435463
CCCGTAGAGAAC,preNeu-1,8.32792569555643,-3.88205657480995
CCCGTCGAGAGA,cMoP-b,-1.24773644052145,3.02171291829308
CCCGTGACTAAA,preNeu-1,7.6771259442747,-3.8925632047538
CCCGTGAGACCA,preNeu-3b,10.8262863294065,-3.4300330686454
CCCTATCTCTTG,immNeu-1,12.3237247601927,4.24774279118737
CCCTCAAGCACG,cMoP-b,-0.104429738146034,3.4177681398507
CCCTCGGGCGAA,immNeu-1,12.1747732297361,2.12832524300774
CCCTCTCCACTG,immNeu-1,12.8086033002317,2.80184783459862
CCCTGAAAGGGA,preNeu-3b,9.32517529882792,-5.18584762095253
CCCTGAGTCCCT,preNeu-1,2.40084673323038,-10.8443473386649
CCCTGGAGACAG,preNeu-3a,8.0256514684141,-4.74376235483924
CCCTTATCAGCT,preNeu-3c,10.0155182019651,-5.89530644892494
CCCTTGACAGCT,preNeu-1,8.61391927160624,-0.929726462352673
CCGAAATGAATG,MDP-2,-1.52102123342153,1.73490764619072
CCGAACAAGGCC,preB-kappa,-0.749516533237663,12.5287615251656
CCGACACCTGGA,proNeu-2,-0.35922674975988,-12.798331599224
CCGACCGAATGA,preNeu-3c,8.41691972174052,-2.75973401545326
CCGAGAAGAGGG,preNeu-1,7.72093488134745,-3.84773288248817
CCGAGGAAGCTA,preNeu-1,5.73221732534769,-3.39832768915931
CCGAGTTTAAGG,preNeu-3c,9.09369946874979,-5.49201665400306
CCGATAGACGTC,ErP-2,-1.94688962541219,-11.9518283414725
CCGATAGGGTTC,immNeu-2,10.4256858960569,6.95517935277184
CCGCAACCCCTC,ErP-3,1.94251443304423,-13.196488718975
CCGCACACACCC,preNeu-3b,12.1173353330076,-4.71376214503089
CCGCACCGGCGG,ErP-5,1.96510602392558,-12.5255168485526
CCGCCAAGTTCA,preNeu-3b,12.7853231564939,-3.69889483927528
CCGCCATGCGAA,proNeu-2,5.88155318655375,1.36305536748131
CCGCCCTGCAGC,preNeu-3b,11.7047338620603,-4.99859176157753
CCGCGCCTATTC,immNeu-2,9.79717542089823,8.27056946278771
CCGCTCGCTTCG,preNeu-3c,6.8505125180662,-3.70024047373573
CCGGACCCCGCC,preNeu-1,9.35951138891581,-1.53026090143959
CCGGAGTGCAAG,immNeu-1,12.4471025601805,0.792072523843845
CCGGCGACGGTT,immNeu-2,9.67551995672587,8.21982731343468
CCGGTGGTTACG,EoP,2.26183177389506,-4.37140355585853
CCGGTTGGTCGT,immNeu-2,12.4028864041746,5.59979118825158
CCGTAAGTCTTA,proNeu-1a,1.49182261385325,1.21759541751107
CCGTCTTGCTTT,immNeu-2,10.5586900845945,7.77815927983483
CCGTGCTCGAGG,preNeu-3c,10.7108278409422,-4.68541131495277
CCGTGGACCATC,immNeu-1,11.7809839383543,4.28692235470971
CCGTTGGAGGGT,immNeu-2,10.7135849133909,7.74698414326867
CCTAATTCTGGG,immNeu-1,12.8767023221433,2.83543838978966
CCTACGTCTTGT,preNeu-3c,10.8139667645872,-4.88596759318153
CCTATAATGGAC,preNeu-3a,7.88106824316386,-5.17777953623573
CCTATTCTCACT,preNeu-1,6.93054200567606,-0.0751677262667809
CCTATTTCCGAA,preNeu-1,8.34210301794413,-4.73752151011268
CCTCAACCGTGC,preNeu-1,9.50788499273661,-2.15625296114723
CCTCCGACAGGA,preNeu-3c,10.3619585172117,-5.1012600469474
CCTCGGGACAGT,preNeu-1,1.47086728968027,1.81522085190972
CCTCGGGCTTTA,immNeu-1,12.3884935513914,5.5761400652047
CCTGAGGAGCCT,preNeu-3b,11.3811941281736,-3.91543899058143
CCTGCTTTGACT,preNeu-3c,9.1125278607786,-5.5974644231681
CCTGGATGAGCA,immNeu-1,12.8686876431883,3.21932615758141
CCTGGTACACCA,preNeu-3b,11.5643358365476,-4.58944402216713
CCTGTACCTGGC,proNeu-2,7.31309462942484,0.0771004897471275
CCTGTTGTTCTC,preNeu-1,4.89039517797831,-2.93859372614662
CCTTCATAACGG,preNeu-1,6.25588036932352,-0.138899873483578
CCTTCCGTCGAA,proNeu-2,5.94198848165873,-0.500555436599651
CCTTCCTGAAAC,preNeu-3b,11.6239128247679,-4.31956706522743
CCTTTCCTTTAC,preNeu-3b,10.0085926190794,-5.16950974940101
CGAAACAACATG,preNeu-3c,12.0052652493894,-4.01437173365394
CGAAATAGGGGA,cMoP-b,-1.31508790097829,3.16975106717308
CGAACTGGTGAT,immNeu-1,12.604318632263,5.99937405110558
CGAAGGATACAT,immNeu-2,10.0918502942503,7.39324345112999
CGAATCCAGCCT,proNeu-2,6.38372613348368,-0.374265294063488
CGACACTCGGCT,preNeu-1,5.66814042486552,-2.87201128481666
CGACCATGGGCC,immNeu-1,12.8188715115965,2.7497707796212
CGACCTGAACCA,immNeu-1,12.3327140942991,5.42894281865319
CGACCTGCCCAA,preNeu-1,2.76519824423197,-10.4517282056693
CGACGCGTCTAA,MPP2-G2,-5.84677408776876,-4.28946385859291
CGACGGAATGCG,preNeu-2,-0.0600313707410966,-10.9566253232841
CGACGGATGTCG,preNeu-1,7.30334187902811,-0.924615721691052
CGACTAGCAGGA,preNeu-1,7.40654612936381,-0.869976620662609
CGACTTATCAAT,preNeu-1,8.78104020513895,-3.79978547571937
CGAGAGCCGTAG,immNeu-2,11.017479910034,7.53756298543175
CGAGATGTTCGG,immNeu-1,12.1686535016477,0.559662659179768
CGAGGATGCCAT,ErP-3,-0.539593146663872,-12.2915261793021
CGAGTCCATGCT,preNeu-3b,11.5862817899168,-5.05834279536048
CGATACGGGGTA,preNeu-3b,13.2671289578855,-3.69488320826332
CGATCAGTCCTT,preNeu-3c,10.9475832120359,-3.89793239115516
CGATGCGCCGTA,immNeu-1,12.5003976956785,1.63692368985375
CGATTGACTGTT,Mac-Nr1h3,4.14423133291605,-6.9773734617118
CGATTGAGCATT,preNeu-1,7.65090991415385,-3.70386586664955
CGCAACAGCGGC,preNeu-3b,10.0349445477903,-5.30407367228309
CGCAGACACATA,immNeu-1,12.6916380063474,1.98646809579094
CGCATAATCAAA,MkP-HSC,-7.53501366220113,-5.58408055781166
CGCATAGGACAT,immNeu-2,11.8503122464598,6.68589176655968
CGCCCAGGACAT,proNeu-2,5.59765292562846,-0.201321105945507
CGCCCTTGGTAC,ErP-2,-2.05632899842855,-11.9341290998344
CGCCGAGGTATC,preBcrII-S,-2.04353831849691,10.3801781129952
CGCGGCAAAATA,preNeu-3c,8.32870198644999,-4.48477588175575
CGCGGCCGTCCG,MDP-2,-3.3077270849764,2.50860919476708
CGCGGGCCCCCA,preNeu-1,7.73046637930277,-1.68517504214088
CGCGGGTCGTAT,preNeu-3c,8.93231488623026,-5.48182425974647
CGCGGTCTCCGC,immNeu-1,12.5263633862913,1.24942537070473
CGCGTTACCAGC,preNeu-2,6.40743876852396,-3.65838728426735
CGCTATAGTCCA,ErP-3,-0.182602749687401,-12.6082652616386
CGCTCGTGATGA,proNeu-2,7.30582190908793,0.762356598388752
CGCTTTAGTCCG,proNeu-2,3.01691008962992,1.36114062787255
CGGAAATCGGCC,preNeu-3b,11.1656608716429,-5.42696080683509
CGGAAGGAGGCA,proNeu-1b,3.89473797239664,-0.479744236457745
CGGACCTGAGCA,preNeu-1,1.53531123556498,-11.598383288372
CGGAGTGCGGTT,preNeu-3b,12.0829858914793,-4.55133519648353
CGGAGTGGCTAA,ErP-3,-0.325583206039635,-11.4256328153495
CGGAGTTCCGGT,proNeu-1a,1.95266581930521,-0.496548991191784
CGGATCGCTATT,preNeu-3b,10.5723629132688,-5.83282886027137
CGGATGTTCCCT,preNeu-3c,6.1882023946226,-3.85600076197425
CGGCCAGTGCCT,preNeu-3b,11.1162748471678,-3.52344713686744
CGGCCCCACAAC,ALP-a,-8.74126528344747,5.28339113713463
CGGCGAGACAGG,MP,0.201420719254049,2.06829204083641
CGGCGGCCTCGT,proNeu-2,6.00513984121683,0.780187000047764
CGGCGGGACTCG,proNeu-2,5.65876914419535,0.179131616365513
CGGCTAGCGGCC,preNeu-3c,9.66144753851298,-5.32849870203773
CGGGAATTCAAT,preNeu-1,6.35308934606913,-0.316177408683697
CGGGATCCCGCT,ML-ERP2-ADT,1.78505970396403,-13.5390971708182
CGGGCTCACAAG,ErP-3,-0.969685302597252,-13.0751241254691
CGGGGACAACGA,preNeu-3c,12.1614360944212,-0.455294232356945
CGGGGGCGTCTT,preNeu-1,10.1659059659422,-3.68087754725257
CGGGTAGTGCGC,preNeu-3c,12.4823894635618,-3.16547785280983
CGGGTGTCGTCA,preNeu-3b,9.88012505926493,-5.59098182200233
CGGTATCTACGC,preNeu-3c,9.61900521673563,-5.37887750147621
CGGTATCTATAG,preNeu-3c,11.8514585629881,-4.46991334437172
CGGTGGATTACC,ErP-3,1.62148906149271,-13.3826640653495
CGGTTATCGGGC,preNeu-3b,11.419841779846,-4.35144887446205
CGGTTGCCAGCA,immNeu-2,11.2668876782835,6.33171524525841
CGGTTGCTCCGG,immNeu-1,12.5868377820433,1.68676306725701
CGGTTTTTGATC,cMoP-b,-0.166283713203636,-12.9109328794364
CGTACAGCATAC,preNeu-3c,6.70762254156474,-5.2507699537162
CGTACAGGTCAT,preNeu-3c,6.63692857183817,-3.64901981829445
CGTACCGAAGAA,ErP-5,3.02177788175944,-13.6232350873832
CGTAGAAAAGTG,preNeu-1,7.6814336911619,-1.00799069880287
CGTAGAACTCGA,immNeu-2,11.8920812741697,6.46798862935265
CGTAGACACTAC,preNeu-3b,12.2374391690672,-4.86812291621009
CGTAGACCTGGT,preNeu-1,6.27305413641337,-3.68932662485878
CGTAGGAAGGGG,EoP,0.823282195705208,-3.6414838838462
CGTATAATGGTA,proNeu-2,3.317480577606,-0.179002563941875
CGTATTATGGGA,ErP-3,-1.50524960599538,-11.5231240796928
CGTCAATTTGCT,proNeu-2,6.14642192282084,0.33133524469321
CGTCACATTCTT,MP,-0.628968344551292,1.45238294125756
CGTCCCCGTCAT,preNeu-3c,12.9532518521726,2.2035666895028
CGTCCTACGGCT,proNeu-2,7.69882537283305,0.4671981674548
CGTCTGGGAGCG,preNeu-3c,8.14682771124247,-2.56014476298133
CGTCTTGGAGGA,preNeu-3c,9.67587567724589,-5.61861882685463
CGTCTTGTAGAA,preNeu-3c,7.37287618078593,-4.2125242757682
CGTGAACGCTTA,immNeu-1,12.7443742886961,3.35040082455834
CGTGAGGTTCTT,MEP-UNK,-9.28211496911642,-1.65928314207832
CGTGCAAAATCG,proNeu-2,5.22264243521098,0.959972221862873
CGTGCCCAACAT,preNeu-3b,11.4600868359983,-5.44578156946937
CGTGCTTCCCGG,Mac-Nr1h3,4.33277894415263,-7.07521281718055
CGTGGGGTATAT,preNeu-3c,9.69731809057597,-2.21829758166114
CGTGTACATATC,proNeu-2,4.24267007269266,-2.70143900393287
CGTGTACCCACA,MEP-UNK,-3.60286186776754,-7.57236371516029
CGTGTAGCATCG,preNeu-3c,4.37300635733012,-7.10871968745033
CGTGTATGTTCC,IG2-proNeu1,2.0272897616804,-1.27539895056526
CGTGTTCCCCAA,immNeu-1,12.4408588544309,2.41980804921349
CGTGTTTATAGC,immNeu-2,10.5999517575682,6.82821430684288
CGTTAGGATCCT,proNeu-2,6.08919049658182,-0.723828892696301
CGTTAGTGCATG,preNeu-3c,10.9621763364256,-3.96222339152137
CGTTCACAACAA,ErP-3,1.93563951410654,-13.6353248166923
CGTTCACCGTAA,proNeu-2,5.88005401052836,1.61373915196618
CGTTCATGGATG,ML-ERP2-ADT,1.52693749822977,9.31625427724083
CGTTGACAGGCG,preNeu-3b,13.1946401730955,-4.0961969900016
CGTTTCCCGCAC,proNeu-2,6.60010482229594,0.0998705220337715
CGTTTTACACGG,Baso-Mature,-0.0254524811327134,-5.56515107630531
CTAAATACCGGT,preNeu-1,7.29797364630106,0.195236821186146
CTAACTGATCAC,preBcrII-G2M,-1.41376720510122,9.89810814381798
CTAAGCACCAAG,preNeu-3c,10.0828876630247,-4.24413762568275
CTAAGCTACTAC,proNeu-1b,3.70706869520548,-1.11356101511757
CTACGACTGCTC,preNeu-1,-0.991968618255821,1.23622848511895
CTACGATGAAAC,preNeu-1,8.8208608762205,-1.32724223612587
CTACGGCCTTCG,preNeu-3c,11.4191017285765,-4.9221886205558
CTACGGCGTCAG,immNeu-1,13.0389089719236,2.52215280057152
CTACTCGCACCT,preNeu-1,9.9252834454954,-5.01254401682655
CTACTGGATCTA,proNeu-2,4.91084958471659,-0.272483150947491
CTAGAACCTGGC,preNeu-3c,11.9172964230955,-2.22224674700538
CTAGAGCGCTAA,preNeu-1,7.61992217459086,-3.97776637553016
CTAGCACAGGGG,preNeu-3c,12.9645424024046,4.36042274953087
CTAGCACCCGCG,preNeu-1,7.47588063635233,-0.851195435512463
CTAGCCCCCTAT,preNeu-1,9.53551389135722,-3.72488008021156
CTAGGATAGTCG,MP,2.47833277143839,1.63273550988396
CTAGGCAACGTG,ML-CC,-4.21908424935934,-2.53896723269264
CTAGTAGGTGAG,proNeu-2,5.89824057974223,-0.0591563689593468
CTAGTGGATCAG,preNeu-3b,9.39644719519022,-5.51497731684486
CTAGTTCATAAG,preNeu-3c,11.3869257108152,-2.9762235689048
CTATAAATCGCG,immNeu-1,12.0449361936033,0.51863046408852
CTATAGTCTACT,proNeu-1a,3.69029165663126,1.25824709655007
CTATCGAGCGTT,ML-ERP2-ADT,-0.18715866051313,-11.1116765546683
CTATGAGCCCTA,preNeu-3b,11.3350763455808,-4.50355325220863
CTATGCCGGTTG,preNeu-3c,6.90663577474955,-3.52906618593971
CTATTAAATCCA,proNeu-2,2.77022386946085,0.137816507827839
CTCACCCATGTA,immNeu-1,12.5344953671873,4.95017446995934
CTCACGATTTTA,proNeu-2,5.55342294134501,-0.489296596038738
CTCAGACAAAAG,preNeu-1,7.56999637045267,-4.04693923472206
CTCAGCGAGCTC,immNeu-1,11.924480451721,6.15407576085289
CTCAGGCACCTT,EoP,0.659413798230919,-3.2107366132621
CTCATAACCGGC,immNeu-2,9.70591927923563,8.31001963139733
CTCCAACATGCT,MDP-1,-2.73697565637228,0.57793142319878
CTCCAGCGTCCT,MP,0.166193381401929,1.84542276383599
CTCCATACTAGA,immNeu-1,11.0843706265867,-0.388372759807507
CTCCCAACTTAT,immNeu-1,12.3366956845701,1.88743450165947
CTCCCAGATATG,ML-MDP,-3.85405777536031,2.10473086358269
CTCCCGACTGCA,ML-MDP,-6.63444946847555,4.03046884061058
CTCCGATCACTT,proNeu-2,5.84742022909525,-0.0201306152228508
CTCGAGCTAGCA,preNeu-3c,8.77242661871317,-5.45650182246009
CTCGATTTACCA,ErP-3,1.18587340273264,-12.9393456983451
CTCGGCAGAACT,ErP-3,-0.884078966003624,-11.931930880535
CTCGTATACTCA,proNeu-2,4.92065764822367,-0.749018173206249
CTCTAAAGAGTC,MP,-1.50238393388387,2.37541450978478
CTCTAAGCGAGT,ML-CC,-3.25710605226156,-0.748795847881237
CTCTAATATGTG,cMoP-b,-0.544823633056847,3.30515160084923
CTCTTATGCTGC,preNeu-1,7.20492459692362,-3.9931000280265
CTCTTGTGAAAA,MkP-HSC,-7.26013039193746,-4.47475419520179
CTCTTTCACTCT,proNeu-2,6.03553487219218,0.46845893980225
CTGAACAAAAGC,preBcrII-G2M,-1.22972796998617,11.7644039583321
CTGAACAATGAG,preNeu-1,6.2749886647642,-3.6911471891288
CTGAATTTTGCC,preNeu-3c,8.43477727331522,-5.14231000422279
CTGAGAGCTCAT,pre-proB-2,-3.0536143644869,4.03365625859459
CTGAGCCAGAGC,preNeu-1,10.2844677106321,-2.38626180170814
CTGATCCGGCCC,preNeu-1,1.3178810016096,0.582956333171925
CTGATGCATATA,immNeu-1,12.3017282620848,5.88148416997155
CTGCGTACAGGA,immNeu-1,13.0312032834471,3.63511743069847
CTGCGTAGTACA,immNeu-2,11.8933010236204,6.63606895924767
CTGCTATTTACC,immNeu-1,12.7295847073973,1.15246130944451
CTGCTCCTTCCA,immNeu-1,12.9040441647947,2.72963466168602
CTGCTCGGTTGC,preNeu-1,5.85885573782328,-3.30371366022865
CTGCTGTGCCAT,ErP-4,4.88373233236674,-11.6005424070243
CTGGAGTGCAAA,proNeu-2,4.78890277304057,0.857276637565693
CTGGCAAAAAGC,preNeu-3b,11.079582227844,-4.6008733320121
CTGGCCCTGTCG,MkP-Kit,-7.58731888375875,-5.68605456827919
CTGGGCCCGTAT,ErP-3,2.18632532514933,-13.2376082944755
CTGGGCTAGCCT,proNeu-2,5.43674994863871,-0.793486695278088
CTGTATCAAGCC,MP,-0.961437688690392,1.64088835240563
CTGTCACATCAC,MDP-1,-0.454569266658989,-1.93742261408607
CTGTCATAGTCG,preNeu-1,6.94818450369242,-0.587627928245464
CTGTCCGAAGCT,preNeu-3c,12.7161483899534,-3.49601040362159
CTGTCGTCCCCC,immNeu-1,12.0791959897459,5.87994160176476
CTGTGACGTCCG,preNeu-3c,4.51498128332499,-6.86263785837928
CTGTGCCCATTC,cMoP-b,-0.959829674583641,2.80708469868859
CTGTGGTCTCCC,proNeu-2,5.26757384695414,1.58659710408409
CTGTGTCAGTCT,preNeu-1,2.72301079191569,-10.801411967266
CTGTTAGTGAGC,cMoP-b,-1.23129211507436,3.10544170857628
CTGTTTTCTATC,MkP-Kit,-7.12981413446066,-6.9793175268058
CTTAACAAAATC,ErP-3,0.936552180427345,-12.1952098417167
CTTAAGGTTTGT,ErP-5,2.54013611235026,-13.2771953153495
CTTACAGGCTCT,preNeu-1,6.20828391470316,0.12565854610165
CTTACGTATGCA,immNeu-2,12.3520422116697,5.29180778981408
CTTATAGCCAGT,immNeu-2,10.5660476819456,7.9015737962838
CTTATCATAAGT,preNeu-3b,11.4454260007322,-5.25811658381263
CTTATTCGCATG,proNeu-2,6.20717860617045,-0.680147867191235
CTTCAATCAGAC,immNeu-1,12.744322790283,4.38516296864708
CTTCATTCTATT,ErP-3,1.06516744055155,-13.103902201641
CTTCCAGGCTCT,ErP-3,-0.504194305759636,-13.1866811323051
CTTCCCAGCTCC,preNeu-1,1.7741843596876,8.53304638386925
CTTCCCCAGGGC,immNeu-3,10.0954113141477,3.84707393170555
CTTCCGTTAAAC,preNeu-3b,10.6183748380125,-4.84445939539711
CTTCGAGCATAT,proNeu-2,6.35403014578226,1.17059828759392
CTTCGCTGATGA,preNeu-3b,11.5150098935545,-5.38712058543006
CTTCGTCCAAGT,MkP-Kit,-7.10520742974874,-6.937970976818
CTTCTCGTGTCG,proNeu-2,2.90397573866251,-0.57311074017326
CTTCTGTATTGG,pre-Baso,-2.62792824349996,-3.53545103548805
CTTCTTCTAATT,ML-ERP2-ADT,0.948979689258369,-11.7847522306327
CTTGAAATAATA,preNeu-3b,10.556277288574,-4.92569241999427
CTTGACTAAGTC,ML-CC,-2.87920759759542,-0.815380077350536
CTTGAGATGCTC,preNeu-3c,11.7505064145506,-3.3811877775077
CTTGAGCGCGTG,preNeu-2,-9.25082014642355,0.44623327673634
CTTGCCACATGA,immNeu-1,12.8070678845823,4.49893249989708
CTTGCCCCTAAA,preNeu-1,7.32869531072977,0.224794727277359
CTTGCGGTGGAA,cMoP-b,0.10678066172007,3.19158162594994
CTTGGCCATTCG,preNeu-1,4.22206117071513,-0.536166231620709
CTTGGCGAAGAG,MP,-1.18572114549276,2.58438076497277
CTTGTCCATCCG,ErP-5,2.40583135046366,-13.7015565442924
CTTTAGACTGGT,preNeu-3c,11.6778965131224,-2.73736105440895
CTTTGGCCCAAA,ErP-4,4.69692565359476,-12.2414163160209
CTTTGGGGCTCT,immNeu-1,12.343196882385,0.830496807109913
CTTTTCACGAGG,preNeu-3b,11.1356248990476,-5.36301789759437
CTTTTCTTCGGA,CLP1-c,-8.94482039056417,2.08496727467736
CTTTTTCATATT,preNeu-3a,8.5333681241453,-5.02240119456092
GAAACACTTGTT,preNeu-3c,11.7273140088499,-3.536674599636
GAAACCCACACG,cMoP-b,-0.904916272979942,3.52204575062951
GAAACCCATGAA,immNeu-1,12.7468319074095,5.08502401829918
GAAACCGACCGC,immNeu-2,11.6223554746092,6.83721842290123
GAAACGTGGTTT,preNeu-3c,2.8243587151945,-4.22175107477943
GAAATTCAGAAG,pre-proB-2,-2.81620691857931,4.91150297642907
GAAATTTAGACT,preNeu-1,8.52691842474345,-1.28063223837654
GAACAGGGGCCG,preNeu-3c,7.04152966894511,-3.70163188456337
GAACATCTCTAG,proNeu-2,6.16175700582865,1.15005989791115
GAACCGGGCACT,preNeu-1,6.71322728552225,-3.88756022928993
GAACTTGACGTG,EoP,3.30822898306254,-4.19217572687904
GAAGAACATTTG,ALP-b,-5.66734646401998,4.82932724477013
GAAGCAATCCTT,proNeu-2,5.65396071829203,-0.742630343425671
GAAGCGCTTGAA,preNeu-1,9.97285081304911,-1.93369374750892
GAAGCTGGCACC,proNeu-1b,4.87259675421122,1.69763960362633
GAAGGTCTTCCT,preNeu-1,5.2576637402952,-3.38149867533485
GAAGTGTGCTAT,proNeu-2,5.55349923529032,-0.0126561629656944
GAATAAGAACAA,preNeu-1,4.73619986929301,-2.70285926340858
GAATACGGACGG,MEP-UNK,-5.60758732400533,-5.80693755625526
GAATCAGTTGCC,preNeu-1,7.07892037786845,-3.81450448511879
GAATGTTCGTCG,proNeu-2,5.0239367619932,-0.277779738891521
GAATTTTGGCGG,preNeu-1,7.43894626058939,-3.68014464854042
GACAAAACGGCA,preNeu-3a,7.71800328649882,-2.82548795222084
GACAACGCACGA,ErP-3,-1.84086822114584,-11.7148440885429
GACACTAAGTTA,HSC-Mac-1,4.17386819280985,-7.32255588053505
GACAGCATATTA,ErP-3,-0.291038767915932,-12.5897649335746
GACATCAAGGAA,preNeu-1,6.43622876562479,-3.81871638773719
GACATGGATCCG,immNeu-1,12.494811071533,4.35039009572228
GACATGTCGTAA,proNeu-1b,3.58198787130717,-0.595190088737408
GACATTGTACTA,preNeu-3c,7.66742564596537,-4.62362561701576
GACCCGAAGTCG,proNeu-2,5.31223727621439,-0.476005773532787
GACCCTGACGGA,pDC,-6.47985123239156,2.46057643414696
GACCCTTTGGAG,preNeu-3b,11.4533319608152,-5.1729472684745
GACCGGTCCCTA,preNeu-1,6.51529456533793,-3.77355323313514
GACCTACTAGTA,preNeu-1,11.9280195371092,-2.62250195025245
GACCTATACGGT,cMoP-b,-1.06164620957967,3.44157781125267
GACCTCCGTCCG,ML-ERP2-ADT,-0.0333672776043092,-11.5837167310599
GACCTCGGCGAA,preNeu-3b,13.1251344815672,-4.33021579264442
GACGACCAGTTA,preNeu-1,5.77092791952494,-2.82755194186012
GACGATCCCCCA,proNeu-2,5.27463580526713,1.26199187756737
GACGCACCAGGC,preNeu-1,6.39693499960307,0.898719568264088
GACGCCCAGTCT,ErP-3,1.01269681610468,-13.6459229993705
GACGCTAACATT,preNeu-3c,12.0858831540525,-2.47930989741127
GACGCTACGTAC,MEP-UNK,-8.74487875543234,0.502912465941509
GACGGCGCTATC,preNeu-3b,4.92581082739237,-11.9296773481254
GACGGTGTAACA,ErP-MEP,-3.43705152116415,-7.01676879404823
GACGTAACTTCT,preNeu-3a,7.85220528997782,-4.65173802851478
GACGTACGGATG,immNeu-2,11.9134836331785,7.10082258702477
GACGTTGGTCCG,immNeu-1,12.2323284284056,2.6327065420266
GACTAGACATGT,cMoP-a,-1.32051168523428,3.35378541470726
GACTATAGCGGC,preNeu-1,7.85040284551981,-4.12472281931678
GACTATCCGTTG,ErP-3,2.40858460821513,-13.5981191205863
GACTCAAGTAGG,ErP-3,-1.23459361634847,-12.2394717740897
GACTGCATACCC,preNeu-1,7.41166545309428,-0.504244070041576
GACTGTAATCTG,cMoP-b,-1.40008948884603,2.92959775448998
GACTGTATTTAG,EoP,1.75798632063273,-4.19356475352089
GACTTACAGGGC,ErP-4,4.69338990606669,-12.3680699872855
GACTTCGTTGCG,immNeu-1,12.1910810605467,5.29944481373986
GACTTTGTCGCC,preNeu-1,8.21820832647684,-1.24081442831794
GACTTTTTGTAG,preNeu-1,2.65261269964579,-12.0294011640433
GAGAAGTCGACC,immNeu-1,13.0741653577268,2.49989332677086
GAGAATCATCAC,preNeu-2,6.44452048696879,-3.64208660601417
GAGAATGAACGC,preNeu-1,8.37928868688944,-1.68306456087867
GAGACTGATGGC,preNeu-3b,11.5755109921873,-4.8637488889579
GAGAGTGAGGCG,proNeu-1b,2.74257661260966,-0.0085214185599479
GAGCAAAATTTA,proNeu-2,5.01174260534647,-0.377928059089581
GAGCACAGTATG,proNeu-2,7.07809163488749,-0.440802912700573
GAGCAGGTCGTC,BMCP,-3.63915084443685,-6.32780824183265
GAGCATTGTAAA,preNeu-3a,9.11719132818583,-4.66313729761879
GAGCCAGAGGTT,immNeu-1,12.8641691342771,4.75131191731652
GAGCCAGGCTGA,preNeu-1,9.903595937866,-3.09524808405677
GAGCCTGTGGGA,ErP-3,1.15549655117396,-13.742628436077
GAGCGCCGCAAT,EoP,1.83057440676096,-4.30948815821449
GAGCGCGACAAG,preNeu-3c,8.5472145215452,-2.78158555506507
GAGCGCGGCGCA,ErP-3,0.310582569319042,-11.8899148511771
GAGCGCGTCCTT,preNeu-1,0.331103979128632,-11.1013864087943
GAGCGGAACACC,ErP-5,0.67831261314753,-12.2389958906058
GAGCTCTAAATT,immNeu-2,12.0326290265501,6.50250591756066
GAGCTGGAGCTG,preBcrII-G2M,-1.44451676450369,10.1393486452218
GAGCTTGCGAAC,preB-kappa,-0.861241923195091,12.3802582216378
GAGCTTTCCGAG,ErP-2,-2.94593165956136,-10.7832330274467
GAGGAAGCCAGA,immNeu-1,12.6052627698362,3.16639627934655
GAGGATTCGTGA,preNeu-1,7.64873362936381,-4.28201804636756
GAGGCTAGTTTT,proNeu-2,4.93262101568583,1.0917160701867
GAGGGCTTACAT,ML-CC,-5.16422937951681,-3.18433080195228
GAGGGTTCATGT,preNeu-1,8.92203236975077,-5.1260984945182
GAGGTCTTGACT,plasmaDC,2.48055030264262,9.85970844746788
GAGGTGCCATCC,preNeu-1,11.3961067334593,-5.635724883068
GAGTCAATTTGG,preNeu-3c,8.84598351873759,-5.700178008068
GAGTTAGGTACA,preNeu-3b,11.3594694272459,-4.02535377024452
GAGTTCCGGGCC,MkP-Kit,-7.65921209893819,-6.58023677347938
GAGTTCTGGATT,MultiLin-1_Elane,4.36792565740946,-2.86090789316932
GAGTTTGAGTTC,proNeu-2,5.94558192648295,-0.617776851642529
GATAAGAGCACA,preNeu-3b,11.5736599103391,-4.22342381953041
GATATCATCTGA,Mac-Nr1h3,3.92488051809672,-7.03504691599647
GATATGCGTGGT,preNeu-3c,8.09291030325297,-3.08683810709755
GATCAACGACGC,proNeu-2,3.92085315145853,-1.35328863142768
GATCAGCGGTCG,preNeu-1,6.98852778829935,-3.9227145719413
GATCATTCGGTC,preNeu-3c,7.64845086492899,-4.36666474818031
GATCCAGGGCTG,ML-ERP2-ADT,-2.86555360398885,-10.1611684369926
GATCTCAGCGGT,preNeu-3b,9.66351701177958,-5.10102353571693
GATGACATCATA,immNeu-1,12.2008152142942,0.487200905096134
GATGATCACCAA,preNeu-3a,7.64226390280131,-2.94279728411476
GATGCAGCGTGT,preNeu-3c,2.010600341934,-13.4566176938895
GATGCTCACGAA,preNeu-3c,12.3253049985349,-4.25829110621254
GATGGCACGCAT,preNeu-3c,8.46563817419413,-4.01000676630775
GATGGTCGGTTA,preNeu-1,8.62627984442118,-1.31871483801643
GATGTGGGGGGT,preNeu-1,7.87178756155375,-1.88088808535377
GATTAACGTGCC,proNeu-1b,3.75340510763529,-0.22377733467857
GATTCCGGTAGC,immNeu-1,12.6437416211546,3.45430483342369
GATTGACGTTGC,proNeu-1a,3.40199948706034,1.86221875668724
GATTGCCCGTGA,preNeu-3c,11.4001932279051,-4.97137198923866
GATTTAATCACT,preNeu-3b,10.6369676724851,-5.24780736445228
GATTTGCCTCCC,preNeu-1,8.86990262426737,-3.62685809611122
GATTTGTGCCAA,preB-kappa,-0.922196374756065,12.5972591829415
GATTTTTGCGCT,ErP-5,0.436149849075111,-11.7837890195731
GCAAACCCCTCG,preNeu-3b,12.2473831311643,-4.98878036021034
GCAAAGGTGCGT,preNeu-3c,8.09901667990092,-3.14371405123512
GCAACGATGCGG,immNeu-1,12.6030511990965,4.17060746670922
GCAACGCCGTTA,immNeu-1,12.3201465741575,6.19133533955773
GCAAGCGAATCT,preNeu-2,-1.80607651315328,9.97704090596398
GCAAGGCCTCGA,preNeu-3c,11.4258384839475,-2.4144822168235
GCAAGGGGCCTT,ErP-3,0.550599230903419,-12.2115577268485
GCAATACTTGGC,proNeu-1b,3.81219030775431,0.63969488860329
GCAATATCGTTA,ErP-2,-2.57726834855672,-10.6474565076713
GCAATCTGAGGG,preNeu-1,5.71645499624613,-3.34985194681923
GCAATGACGTAC,preNeu-2,0.297232998985084,-11.0066188382987
GCAATTGGAGAT,ErP-5,2.59303022779826,-13.0579389142875
GCACAAGAGGAC,ErP-5,2.08192802824381,-13.5465634870414
GCACCAGGTTTA,preNeu-3c,13.0727243558348,-3.76758084772865
GCACCCCCATAG,preNeu-1,3.24002553381327,-4.54731021403114
GCACCGCAATAT,preNeu-3b,12.2340288297117,-4.53065143107215
GCACCGCCTTCT,preNeu-3c,10.2295322553099,-5.472638945568
GCACCGGTATCC,preNeu-1,8.45432568945292,-1.63613126753608
GCACCTTGTCTA,pDC,-6.27291678033468,3.17410172940453
GCACGACTGGTA,preNeu-1,8.67790414251688,-1.28345952509681
GCACGGGAGGAC,preNeu-1,6.54813910879496,-3.82852492808143
GCACGGGTCGGC,preNeu-1,5.96838714041117,-3.07255373476783
GCACGGTAGAAA,immNeu-1,12.8787584439695,2.93107594968041
GCAGAAGTTCAA,MP,-1.3887669905245,1.38304783822258
GCAGAGCTTCCT,preNeu-1,7.30836821951273,-3.39146719454567
GCAGCAGGTGGC,preNeu-3c,8.66800214208964,-4.70752749918739
GCAGGACGTAGA,preBcrII-S,-2.6623618467867,9.85998596669396
GCAGGTTTGGTC,MP,-1.2416071756899,2.3651603651162
GCATATAGCACT,preNeu-3c,10.4942579404295,-5.57736001490394
GCATCAGTTTTC,MP,-0.245277242284981,1.40297629357537
GCATCCGTTAGC,immNeu-1,12.7300958768308,5.63881887913903
GCATCCTGGTTC,preNeu-2,3.02644492544535,-12.9670175123099
GCATCTTATTCG,preNeu-3c,11.4395046369016,-2.59304724215309
GCATTCATACAC,preNeu-1,9.10820580877665,-1.08139620302955
GCATTTGTAGTG,preNeu-1,3.57785679258707,-13.0243066358451
GCCAATATAACA,preNeu-3c,9.66577626623515,-3.22982845782081
GCCACCCTCAAC,immNeu-1,12.7448072568357,1.6175059270974
GCCACCGCTCAG,immNeu-1,13.0229110852659,1.76578154088219
GCCAGGAATCGG,immNeu-1,12.8565635816038,4.17176236630639
GCCAGGGTGGTA,proNeu-2,-0.396311329227654,2.75069441319664
GCCATTTTTGGG,preNeu-3b,11.6272735730589,-2.92553530215065
GCCCATTCAGCG,BMCP-G2,-1.30247996888754,-4.44400630472938
GCCCCAAGACCA,preNeu-1,0.10180511929396,-13.2241242933158
GCCCCGATACTA,preNeu-1,7.70524217047099,-3.92905126093666
GCCCTACGGGAA,preNeu-3b,11.636168493408,-3.9782975721244
GCCCTCCTCCTC,preNeu-3c,8.17765427984599,-2.80506406306068
GCCCTCTATGGA,immNeu-1,12.5991258756101,1.20766993285378
GCCGAATCGTTG,MPP2-G2,-5.69628857217428,-5.27332149027626
GCCGACGTGAGT,preNeu-1,0.23143704839352,-12.1974376249198
GCCGCTACGGGG,preNeu-3c,-3.78400252900716,-8.47484717844764
GCCGGGCACGAT,preNeu-1,6.8636961118162,-3.76443515299598
GCCGGGCGGAGA,preNeu-1,6.61883021749857,-3.66181383608619
GCCGGTGAATTG,immNeu-1,12.7335710660398,2.18273581982811
GCCGGTTTACCC,preNeu-1,7.40298606314066,-0.766145806301037
GCCTATTTTCGG,MDP-1,-1.6670484407961,1.95267309666832
GCCTCAGCATGA,preNeu-1,8.13614989675883,-0.972443323123852
GCCTCCGCCTAT,MultiLin-1_Elane,-7.59124468408224,1.23590477229317
GCCTCCTTCCAG,preNeu-3c,12.3164062634886,-0.9152910518531
GCCTGATTGAAA,immNeu-1,12.4110765592039,1.60234369755944
GCCTGCTGTAGA,proNeu-2,6.26939870275858,0.0315484893437233
GCCTTATATCGA,preNeu-3c,7.7548561231077,-2.33842049120704
GCCTTCCTCCAC,immNeu-2,10.7955637113035,7.7678657961007
GCCTTTAGTAAG,ErP-3,-0.605973230224815,-13.1480535077933
GCCTTTCAGAAT,immNeu-2,11.2886762753904,7.2979680490609
GCCTTTCCGCTC,proNeu-2,3.8488047257841,-2.48823986529152
GCCTTTCTGTTA,preNeu-3c,7.73694611944559,7.26029791356286
GCGAAGCATGCA,preNeu-1,9.68562318243388,-3.94723639963905
GCGAATATAATT,proNeu-2,6.2053127423704,-0.282684068668285
GCGACTATGAAC,MP,-0.155405716520516,1.75914992810448
GCGAGCGTAGTG,ErP-5,1.769393934387,-13.7239173459891
GCGAGGCTCTCC,preNeu-1,8.24748612799052,-1.05896518706123
GCGATGCCTAGT,preNeu-1,3.71497179426554,0.0095851612206306
GCGATTCGATAG,immNeu-1,12.4555444852293,0.759453077327808
GCGATTGTTTAA,MDP-2,-2.01545356355306,1.40593220711907
GCGATTTAGGAT,MP,-0.834420548301903,1.57127954484185
GCGCCAAATTTC,immNeu-1,12.2728815213621,5.74623169423302
GCGCCAGCCCAC,immNeu-1,13.0173692838133,1.43925644875725
GCGCCGTTGGTC,preNeu-1,6.51069976248148,-3.8612640905265
GCGCCTGGGACC,immNeu-1,13.1203813687742,3.38544072629174
GCGCCTTTCAAC,preNeu-1,7.05844546713236,-3.6694437074546
GCGCTAAGTAAT,pDC,-6.43320177636739,2.5202490282174
GCGCTCAGCGAA,immNeu-1,12.7259349957884,0.732908476602634
GCGCTCTGGGGG,preNeu-3a,9.39880467810038,-4.13038812159339
GCGCTGTCTAAT,preNeu-1,3.07689238943461,-10.0786956357841
GCGCTGTGATCT,preNeu-3b,11.6455621854246,-2.16440902231971
GCGCTTACTTAA,ML-ERP2-ADT,0.194985116583514,-11.4618724393729
GCGGAAGACGGT,proNeu-1b,4.81117583670023,-0.089834849822918
GCGGAATGTTTT,preNeu-1,10.5069351331175,-2.37636671541969
GCGGCACCTGGG,proNeu-2,0.0402076826274718,-12.1772426175956
GCGGCACGTGTC,MDP-1,-1.49845551095602,-0.222887198913494
GCGGCCGAGACG,proNeu-2,7.40943862356547,0.843929429065784
GCGGCTCCATGA,pre-Baso,-0.917576418739525,-4.19186339854042
GCGGGCAAGGTG,preNeu-1,6.89083577551249,-0.500124614227215
GCGGTTTAACTT,pre-cDC1b,4.00032283224467,12.4965006303902
GCGTAAAAAGTG,pre-cDC1b,4.30275203146342,12.9143139314767
GCGTACGTTTAA,preNeu-3b,13.1412143842161,-3.57223783015052
GCGTACTCCTTC,CLP1-a,-8.94533632836935,1.52539135934075
GCGTCCAGATGG,preNeu-1,7.71928216375712,-3.27867184160987
GCGTCCTTGGAG,preNeu-3c,8.11454917349223,-2.61470280169288
GCGTCGTAATGT,preNeu-1,7.45586015142802,-4.06688056467811
GCGTCGTACAAT,preNeu-2,7.50829793371561,-4.07445226191322
GCGTGACGCTCA,CLP1-c,-8.51962088189718,2.89752521039208
GCGTGATAAAAA,preNeu-3b,12.7721653119505,-4.10860143183509
GCGTGCAACCTC,preNeu-3c,8.76638127722147,-2.67320666788856
GCGTGTGTATAG,ErP-5,1.39808477320078,-13.6724341916923
GCGTTAAAAAGT,preNeu-1,7.87492801107767,-1.03036544798652
GCGTTATAGTGC,preBcrII-G2M,-1.08473716817495,10.6271931123849
GCGTTATGTTGC,ML-ERP2-ADT,0.720348312038216,-11.1749528455619
GCGTTCTGAAGT,proNeu-2,6.55070449270609,-0.192837159622112
GCGTTTCGGGGA,ErP-3,-0.687608168941704,-11.7776092100028
GCTAAACCAGGG,proNeu-2,4.18251038946513,-1.38192282198707
GCTACCGTAGGA,preNeu-1,-0.417914436680046,3.32950224400719
GCTATAAAGACT,immNeu-2,11.4017715588987,7.24350752354821
GCTATGACAATG,preNeu-1,6.47322131552103,-3.35159097193519
GCTCAGACCTAA,immNeu-1,12.8584623471678,1.79954769135674
GCTCATCCATTT,MPP5 Ly-I,-11.30961416803,-0.748947243678967
GCTCCTATGTCA,preNeu-1,6.69931746878031,-3.7952092695121
GCTCGCATCGGT,ErP-3,-1.00023792825338,-12.2203620481376
GCTCGCATTAGT,MPP5 Ly-I,-9.97318552575704,-0.656746487605969
GCTCGTCGATGA,EoP,0.961113287586006,-3.51867447375099
GCTCGTTAACGC,preNeu-3c,11.2931566373289,-3.97852359293739
GCTCTACTACCC,preNeu-2,6.42185641683939,-3.83509717463295
GCTCTCCAACAG,preNeu-3c,10.454488767761,-4.05151162623207
GCTCTCTAGAGT,immNeu-2,11.9837751523435,6.50550140858849
GCTGACCCTTTC,immNeu-2,11.3687038556516,7.21708263875206
GCTGCACATGAA,preNeu-1,6.59506417669657,-1.33228943823616
GCTGCAGAGAAG,immNeu-2,11.5150365964353,7.10514082432946
GCTGCGAACAGA,MP,-1.01103733621236,2.74752511502465
GCTGCTCTGTAC,preNeu-3c,11.8812093869627,2.09581126691063
GCTGGTACCTGC,preNeu-1,4.8943791524351,-0.543393175590435
GCTGTGTAGGTA,preNeu-1,6.60363437094096,-3.95907531260292
GCTTAGTACTTG,preNeu-1,7.46772147573832,-3.41681609629432
GCTTCATAAGAC,preNeu-3b,12.7810249463499,-3.73986278055946
GCTTCCAATCGG,proNeu-2,5.07724000372294,0.663931001436314
GCTTCGACCAGA,proNeu-2,5.40704013265971,1.51494695664605
GCTTCTCCAGGG,preNeu-1,8.73429681219462,-1.12681780337135
GCTTGCCCGCCC,CLP1-a,-6.71418379388448,4.36250509740075
GGAAACCAACGG,ErP-3,-0.392366157394615,-13.3308070707206
GGAAACTCTTTC,preNeu-3c,5.71227790274027,-4.11789832590858
GGAACCTTCAAA,MP,-0.640836106163231,2.68222822667321
GGAACTCAGCGA,preNeu-3a,8.76621152319315,-5.42814908503334
GGAAGACCTCCC,preNeu-3c,8.37353516973856,-2.79833183764259
GGAAGTGACGAA,immNeu-2,11.2767086163938,7.14267553807457
GGAATACGAGCA,preNeu-3b,10.7961406842649,-4.4905479955558
GGAATGTTATAT,immNeu-2,11.0548553601683,7.24264063359459
GGAATTATCACC,proNeu-2,5.03750468649271,0.749843527090153
GGAATTTCGCGC,Mac-Nr1h3,4.02860022940043,-7.06875548838417
GGACCTGCACCT,preNeu-1,6.40742875494364,0.568842906963428
GGACGTAGGCAA,preNeu-1,6.48094989218119,-3.88056073664466
GGAGATGCACTT,preNeu-1,3.94282556928996,-2.62707744120399
GGAGATTCGACG,preNeu-1,7.73402596868876,-4.01758466242591
GGAGCAGCTAGA,preNeu-1,1.70466102518443,-13.4650329160575
GGAGCGATTAGA,preNeu-3c,7.64162351049784,-4.31907496928016
GGAGCTAAGAGG,preNeu-1,6.51459981359843,-3.83675752161781
GGAGGACTCAAG,cMoP-b,-1.56134043775198,3.13466562749108
GGAGTGAGGCAC,preNeu-3c,12.0472841397703,-4.67814336298744
GGATCTCCGTGA,ErP-2,-2.47258566461202,-10.3765853452567
GGATCTGGTGTG,preNeu-3b,11.8341169492185,-3.21485624789039
GGATTAGTGTTT,preNeu-1,8.55390454687479,-1.82973251818458
GGATTTCCGTGT,immNeu-1,13.0351429120481,2.25387479783257
GGATTTGCCTTG,ErP-3,1.79845882810954,-13.2940162229423
GGCAACGGCGCA,ErP-3,-0.319012270790306,-13.0677941846732
GGCAAGGGCGGG,MEP-UNK,-3.85537289224264,-7.24200759409706
GGCAAGTTCGTT,MDP-2,-1.24288664899465,2.024848837864
GGCACAACGGTT,MPP2-S,-6.10337923608419,-3.40160713671486
GGCACATGATGC,preNeu-1,0.180904841500553,9.73954071522911
GGCACGATGGTC,MP,-1.2364369495928,2.62503923894127
GGCAGCGTATAC,ErP-2,-1.95030020318624,-10.7871993589286
GGCAGGCCCTAC,preNeu-2,1.43452335752848,-13.6824344205741
GGCAGGGAGCTC,Mac-Nr1h3,4.05435253538493,-7.153866629589
GGCAGTTTAGGT,preNeu-3c,9.72441865362528,-3.48880968569557
GGCATCATAAAC,preNeu-1,8.38043309606913,-3.17192421435157
GGCATCTAGGAC,preNeu-3c,9.19435120977763,-4.25017486094276
GGCCATCCAACG,preNeu-1,6.16982509054545,-3.99064479349891
GGCCGATCGGCT,proNeu-2,4.72873832144144,-0.581739764202038
GGCCTAGCGTCT,immNeu-1,12.8491363660276,1.05020483256539
GGCCTGACTTCT,aceNKP,-2.11108420930502,7.76187195302208
GGCCTTAATTGT,ML-ERP2-ADT,1.0488453642309,-12.5158875989799
GGCCTTATGCGG,preNeu-2,10.184806837219,-5.65584693430702
GGCGAACGCCTT,preNeu-1,8.79179574407938,-1.32240853785316
GGCGACTTGTGG,preNeu-1,7.85488845266703,-3.86731372355262
GGCGCAACGACG,proNeu-2,4.96380378164652,-0.108143012512127
GGCGCAACTAAT,ML-ERP2-ADT,3.62873507894877,-13.0622533368949
GGCGGAGCTAAG,MP,-1.35596011720296,3.00646295071801
GGCGTAATCTTG,MP,-0.513060258251396,1.3907586526986
GGCGTCGACTAC,preNeu-2,7.25365687765482,-4.08367524622718
GGCGTGTCATTC,preNeu-1,8.98793698706034,-1.5840858030204
GGCGTGTCCATT,preNeu-3c,9.16208363928202,-4.48041520594398
GGCTAAAATAAT,preNeu-2,2.55080176748637,-4.35909543513099
GGCTAATTGTTA,MkP-HSC,-7.08758734307882,-6.3581427144889
GGCTAGAGACTG,preNeu-1,-0.0641916855394517,-11.0854104566459
GGCTAGTTCTAC,preNeu-1,4.85527612127665,-2.00839982508461
GGCTCGACGCAA,preNeu-1,8.79010011114481,-0.582273523796002
GGCTTAAAAGTT,Mac-Nr1h3,4.02044202246073,-7.07597718714515
GGCTTATAAGAG,ErP-3,1.39275850214365,-13.4211867856864
GGCTTGAGGCAA,MDP-1,3.45569707311991,-2.82183108805458
GGCTTTCACCAC,immNeu-1,12.3526935712278,-0.580051343429485
GGGAAATTAGTC,EoP,1.72398818888071,-4.13584647654335
GGGACACTCTTC,proNeu-2,4.66465474523905,-0.10340527771751
GGGAGCGTAGTA,preNeu-3b,10.9585333005369,-5.74170909403602
GGGATCTGCAAC,ML-1a,-7.08637903771993,-0.353968124378124
GGGATGTGCATC,ErP-5,2.27817918218974,-13.3397792386893
GGGCACGGCCAA,preNeu-1,0.750879778045448,2.62225760937889
GGGCAGTTACGT,immNeu-2,12.2702856198728,5.80322231770714
GGGCATCTCGAA,preNeu-3b,13.0299272672117,-3.80889878748695
GGGCCCGGTATA,immNeu-1,11.6169014111936,7.19142212392052
GGGCGGGTCATC,preNeu-1,7.24688149847391,-0.874412755954662
GGGCTCATGAAC,preNeu-3c,10.2696704999388,-4.0387395429496
GGGCTCTGAATT,immNeu-1,12.98117829718,2.96137275220116
GGGCTTTTTAAA,preNeu-2,0.177182509082588,4.28893270016869
GGGGAATTTATT,proNeu-1a,2.72209168829325,-1.57832048414985
GGGGCATTGCTG,immNeu-3,8.1798000470579,8.65615047932824
GGGGCGTGTGCG,immNeu-1,12.7469444409788,0.98889847518166
GGGGCTGAAGGC,HSC-Mac-2,4.25212670721415,-7.2728155660514
GGGGGCCGCGGA,preNeu-3c,10.0872545377195,-4.73814521311561
GGGGGGGGAATC,preNeu-3a,8.82661820806864,-4.83025680064003
GGGGTGATGTGA,cMoP-b,-1.11826096616384,3.28808583737572
GGGGTGGCGAGC,Mac-Nr1h3,4.14770819105509,-7.19377837656776
GGGGTGGTACAC,ErP-3,-0.179187075716225,-12.8857244062308
GGGTACATTCGA,ErP-5,2.91629578031901,-13.1215985822562
GGGTACTACTCA,preNeu-3c,11.3220567838133,-4.27856622217933
GGGTCCATCAGG,Mac-Nr1h3,4.17693544782999,-7.33288846491615
GGGTGCGATATA,preNeu-3c,7.47595597662333,-4.44035468577186
GGGTTCTTGATC,cMoP-b,-0.177149431329933,3.09171475888451
GGGTTGCTACCA,ML-1b,-9.08944319329855,-2.25547609804908
GGGTTTCCGAGG,ML-ERP2-ADT,-0.426236496788231,-12.0671914625053
GGGTTTCCTGCT,immNeu-1,11.9548912183225,5.66869081975182
GGTAATAATTCC,immNeu-1,12.4605837003172,1.42895080567559
GGTACAAGTCTG,preNeu-3c,8.80812360205057,-2.62391314982216
GGTACACTTCCG,preNeu-1,9.67959596075419,-3.6500242757682
GGTACCCCGCAT,preNeu-3b,11.0129833356321,-4.74283013819496
GGTAGATCCTCG,preNeu-3c,9.38068772711161,-3.71230445383827
GGTATAGTAAAG,proNeu-1b,3.52085901655558,-1.23102913378517
GGTATCATCACG,proNeu-2,5.14780236639384,-0.0806915867213402
GGTCACGAGGAA,preNeu-1,7.7168603078306,-1.7715047407035
GGTCACGGGGGA,preNeu-1,8.99199868597391,-2.55724177836219
GGTCACTATAGT,ErP-3,0.304911477941307,-11.5121692228202
GGTCCAATCTCC,cMoP-b,4.09728647627238,-2.60881839274208
GGTCCGGTCCCC,MPP5 Ly-I,-10.829820619446,-0.77916393755714
GGTCGAATACAA,preNeu-3c,12.3243398801267,-3.99988208292762
GGTCTCACTCCC,immNeu-2,11.1499738828123,7.49735893727501
GGTCTTTCTTGG,preNeu-1,7.7795839444578,-3.49878511904518
GGTGAGCTTGAA,proNeu-2,5.39204932608012,0.949743468772968
GGTGGCGAATGA,ML-CC,-6.0249004229128,0.32462084548769
GGTGTTCGCGAA,preNeu-1,9.04866029180888,-4.2689789342765
GGTGTTGCAGTT,immNeu-2,11.4870510236204,7.32185568333825
GGTTAAACCTGT,MPP5 Ly-I,-10.6357383593142,1.44953634263237
GGTTATGCAATG,immNeu-1,12.4236259595335,5.36335291386803
GGTTCTGGTGGC,proNeu-2,5.34017564215067,0.616003144991001
GGTTGAACTTTG,proNeu-2,4.99685622610453,0.530839670908054
GGTTGTATTTAC,preNeu-1,8.46712590612772,-1.00323067187111
GGTTTCATACCA,preNeu-3c,10.3179607526243,-2.65127859591285
GGTTTCCGCTGA,MultiLin-1_Elane,-3.68571995339986,6.74467052937706
GTAACAATCTTG,ErP-3,0.768366827148231,-13.0872729825858
GTAACCTTTCAT,preNeu-1,7.13110209860209,-3.71337781428138
GTAACTAGGGGA,ML-ERP2-ADT,-0.72999410472509,-12.7123540449027
GTAATCCCCTCC,ErP-3,0.0930743203342284,-12.8737939405326
GTACAATACAAT,preNeu-1,6.04357100881937,-0.0446908581141625
GTACATTAACAG,preNeu-1,6.71538163580302,-3.5948120164756
GTACCACACTTG,ErP-3,1.7153077260435,-13.16703830241
GTACCACTGCAA,ML-CC,-4.24580525003072,-2.26512799738685
GTACCCACATTG,ML-1b,-8.06609438500997,1.37951387883385
GTACCCAGTTTA,ML-CC,-9.97626303277609,-0.245739321697155
GTACCTGGTTAA,ML-ERP2-ADT,0.402048228758606,-11.4971183347587
GTACGCAGTGGC,ErP-3,2.24721313871745,-13.3268140363578
GTACGTGCTGTC,preNeu-2,7.15343238272074,-3.75984607218544
GTACTGAGTAAG,proNeu-2,4.82888318457011,-0.663355927455822
GTACTGATTCCG,MDP-2,-0.507515476566521,2.54002346516808
GTAGATCATTAG,preNeu-3b,12.7584486142576,-3.9226072835807
GTAGGGTTCTAT,preNeu-3a,7.38012505926493,-3.69019065378944
GTAGGTTGATAG,ErP-3,1.6686608926237,-13.1321595716361
GTAGTGAAGGCA,preNeu-2,6.57115603842142,-3.7613409566764
GTAGTGGGCCCT,MP,-1.08208356938955,2.41002621175011
GTATAAGATATA,preNeu-2,-0.228015111309258,-11.7093261289481
GTATACAGCTCA,ErP-2,-1.72986577592489,-10.950750689495
GTATATCTAGAT,MP,-1.1730435951769,3.07393898488243
GTATATGGCAGT,immNeu-2,11.0757389203489,7.51977219105919
GTATTATGGGCG,preNeu-1,3.42210651792887,-3.87553773402015
GTATTTGATTTT,immNeu-2,11.272227300781,7.38537325383385
GTCAAACAGTAA,preNeu-2,7.72932959951762,-4.17440162180702
GTCACCTATAAG,preNeu-3b,12.4638738767088,-5.07958255289833
GTCACGGGGACA,cMoP-b,-1.24376271806356,3.29965128422936
GTCACTTCACTC,immNeu-2,10.1004543439329,8.17108072758873
GTCACTTGCAGA,immNeu-2,11.393043531555,7.12660374165734
GTCAGCATGCTA,preNeu-3a,8.75498677648905,-5.28535018442909
GTCATGAGACGG,Mac-Nr1h3,4.16012073912028,-7.14253173350135
GTCCAGACTGTT,preNeu-3c,8.82566071905497,-4.17432008265297
GTCCAGTACCTG,proNeu-1a,3.70335747160319,1.79107250691613
GTCCCCCTTTCA,preNeu-1,7.68640614904765,-1.78677902697364
GTCCGACGTCTT,preNeu-3b,12.4666814938963,-4.22949109553138
GTCCGAGCTGCC,preNeu-3a,9.11281491674784,-3.53554139612953
GTCCGGCCGTCA,ML-ERP2-ADT,1.31628240503672,-13.4576667356376
GTCCGGCGGAAG,MultiLin-1_Elane,-4.97025965295431,4.7499796342965
GTCCTAGCTCAC,ALP-a,-7.24379061303732,5.80244745732506
GTCCTGGTCTCC,ErP-2,-2.83466266236898,-10.0204032468681
GTCCTTTATTCC,preNeu-3c,7.81508733190897,7.45586981297692
GTCGAGCCGATC,preNeu-1,8.23753835119608,-2.25002704142372
GTCGATAGCTTC,preNeu-1,8.22918988623026,-1.40993032931129
GTCGCACTCAAC,preNeu-3c,10.6120834485472,-4.59767041682045
GTCGGACTTTCT,MEP-UNK,-3.38443301759359,-7.27173648356239
GTCGGAGCGGAG,ErP-5,2.61520649351481,-13.3871034192924
GTCGGGATTGTT,cMoP-b,-1.38015137754079,2.96319641591271
GTCGGTGCCGGA,immNeu-2,11.0998153821409,7.11498417378624
GTCGTAAGAATG,preNeu-1,-0.898133264404503,3.34086312771996
GTCGTACTCCAT,CLP2-Ly6d+,-6.91245173059103,5.66662849904259
GTCGTAGATATA,preNeu-1,11.8912248746336,4.48187365056237
GTCGTGCCTAAC,immNeu-1,12.4681768552244,3.61683907033165
GTCGTGCCTACC,preNeu-3c,9.8635044232786,-4.33573422907631
GTCGTGGCCCCC,preNeu-3c,8.14885951437357,-4.94558701990882
GTCTAAAAGTGC,preNeu-1,8.08341409124735,-3.62803206919471
GTCTCGCCGGCC,cMoP-b,0.10945435472134,3.04610456944664
GTCTGGCTCGGA,cMoP-b,-0.781858073097435,3.37049426556786
GTCTTAATACGG,preNeu-3b,9.5001764432371,-5.2876990842704
GTCTTCTCAAAA,preNeu-1,7.70768882192973,-3.83586392878334
GTGAAAACTGCT,preNeu-1,6.94622327246073,-3.9264496374015
GTGAACTCGTGC,immNeu-2,11.8797807828367,6.57419981480797
GTGAAGCCTTCG,preNeu-3c,6.97529746450785,-4.0104135084037
GTGACCAATATC,preNeu-3c,10.093311323303,-3.05362592219154
GTGACCGGCCCA,immNeu-1,12.8399047986448,1.39303769589623
GTGACGGCGGTC,ML-1b,-7.19189070306417,0.797891993534168
GTGACTGCTAGA,Mac-Nr1h3,4.02388788618449,-7.03112922190467
GTGAGCGAGTCC,preNeu-3c,8.86888028540018,-4.71824918268959
GTGAGGAGATGC,preNeu-3b,11.2589979306639,-4.9823750066642
GTGATGGCAATT,preNeu-1,9.46649171270731,-1.39301083563606
GTGCCCAACATC,preNeu-3b,11.8640785352171,-5.13665233134071
GTGCCCGCACCA,preNeu-1,6.96928836264017,-0.551826279151836
GTGCCCGCCCCA,preNeu-1,9.72557546057108,-2.55163465021888
GTGCCGGTACTC,proNeu-1b,3.6941359178007,-1.34928629874031
GTGCGGGACGTC,preNeu-3b,11.6904211179197,-5.46329627512733
GTGCGGTACGAC,proNeu-2,7.10414172567728,0.138281796586117
GTGGAAGGCTTA,immNeu-1,12.8858909741819,4.15368141652306
GTGGAATGCTCA,preNeu-3b,12.9572515622557,-3.96875033854286
GTGGAATTTTGG,ErP-3,-0.998612748008934,-11.5275701093558
GTGGAGCAACAT,cMoP-b,-0.594848261696068,3.06103386403283
GTGGAGGAGATA,proNeu-2,6.67952157415751,-0.672709028709332
GTGGATGAACTG,preNeu-3c,10.3602638379515,-5.71622739313881
GTGGCGGTAGTG,preNeu-1,7.33821011938456,-0.277900676715771
GTGGCTTATGGC,immNeu-1,12.6333694592893,3.99600448132714
GTGGTGCATGTG,preNeu-3c,7.36433125891093,-3.69700131892006
GTGTATTACAAA,MDP-2,-2.31026648126241,1.84022535802086
GTGTCATCGCAG,preNeu-2,2.78971506513956,-4.55967889307777
GTGTCCATTAAC,proNeu-2,6.94357634939555,-0.713714818942944
GTGTCCGCGAGC,preNeu-1,6.07056714453104,-3.93483720301429
GTGTCGATTCGA,preNeu-1,-0.826968417984215,-11.0833476590995
GTGTTCCCGTCT,immNeu-2,11.1898555890501,6.79108395100792
GTGTTCTCTTGC,ErP-3,-0.490332470756737,-11.378445963848
GTTAAAGCGAGC,preNeu-1,7.23254968084696,-3.83306155680458
GTTAACCGTCCA,ErP-3,0.876416041034492,-13.7664216565971
GTTAGTCCCTTT,preNeu-3a,7.68671418585184,-4.22633252619545
GTTATCCGGGTT,preNeu-1,6.51157189764384,0.82840498210152
GTTCATTGTTAT,preNeu-1,7.56382228292826,-1.13772986410896
GTTCCACTTGCG,preNeu-1,7.56749011434916,-0.585514883983532
GTTCCCTCTACT,immNeu-1,12.9664621488035,3.47139014722069
GTTCGAGCAAAC,proNeu-1a,3.55398489393595,1.86527063370903
GTTCGTCACTTA,immNeu-1,12.8249836102903,4.23624338628014
GTTCGTCTGGAT,proNeu-2,7.23736573614481,0.0777065944786873
GTTCGTGCCATC,preNeu-3c,10.6638565198362,-4.39516530512611
GTTCTCGTCTAT,ErP-3,0.323409362214836,-12.9113515424613
GTTCTTACGCAC,Mac-Nr1h3,4.09122539915446,-7.11111054896156
GTTCTTCAACCT,EoP,0.85578425087336,-3.62961421488563
GTTGACTTTTCT,preNeu-3b,13.031356825012,-4.07189689158241
GTTGATGATGCG,preNeu-3b,10.902917875427,-4.64873157023231
GTTGCAACAATG,preNeu-3b,12.1229791776121,-4.8775895643119
GTTGCCCCTTTG,preNeu-1,6.11096002020243,0.0386087191220131
GTTGCGACGCCA,preNeu-3c,2.99913240827921,-4.75747428416053
GTTGCGGTGCCT,preNeu-3c,10.7862119809568,-2.18738565920631
GTTGGGCGTCCA,MPP2-G2,-5.97079657159444,-5.2597163724784
GTTGGGTCTTGG,preNeu-3b,12.3658027783811,-3.48316011904518
GTTGTACAATGG,immNeu-2,11.2867212430418,7.19964994908532
GTTGTCCGACAC,MPP2-G2,-5.01392029367086,-6.40687833308021
GTTTACCATTCT,immNeu-2,10.2636623517454,7.95544352055748
GTTTACTCGTTA,ML-ERP2-ADT,-1.05582438550588,-11.5269416379813
GTTTCCACGTAG,preB-kappa,-1.05589793763754,12.5649687242623
GTTTCGGATCTG,ErP-MEP,-3.69577644906637,-6.86634145258705
GTTTGCCAGGAG,immNeu-2,10.5237808362425,8.02886929036339
GTTTGGGCGACC,preNeu-3c,8.95652104772929,-5.26787791727821
GTTTTTACAGAT,pre-Baso,-3.16765211663839,-5.96355376719276
GTTTTTGGACGT,ErP-MEP,-8.6201734407961,-0.424964230049053
TAAAAAGTCACA,preNeu-1,0.852237059253487,9.53411259175499
TAAAATCAGAAG,proNeu-2,6.15171195425394,-0.333767037380138
TAAACAACTGGG,preNeu-3c,6.33901454367045,-3.74423680781166
TAAACGAGGCGC,preNeu-2,-1.55194769940969,-11.9102042722587
TAAACGGAATGT,MP,-0.789251790863243,2.53443970204552
TAAAGGCCCCCG,Mac-Nr1h3,3.95244766630534,-7.05693231104652
TAACAAATATGT,preNeu-1,9.69906331457499,-4.97804627894203
TAACAGTGCGCC,preNeu-3c,7.69259978689555,-3.57014070032875
TAACATACCCCA,BMCP,-3.58474777780172,-5.91102586268226
TAACCTGCCCTT,immNeu-3,8.93550778784159,8.53986038685997
TAACGACATGTA,immNeu-2,11.5812282697141,7.12395538808068
TAACGACGTAGG,CLP2-Ly6d+,-5.33984802804586,4.20622720242699
TAACGTAGATCA,proNeu-2,6.13187266744974,1.35394157887658
TAACTAAGTCGT,preNeu-1,0.913865698951515,-11.3561919736747
TAACTGGCGTTA,preNeu-1,6.81212140478495,0.294646671500405
TAAGAGCCGACG,pre-proB-2,-2.76126144967672,5.27542175770958
TAAGCCCTGCTT,MP,2.00598730005625,1.27067698956688
TAAGCTACCGAT,preNeu-3c,10.3627710477293,-4.37965808390419
TAAGGAGCAACT,immNeu-2,11.9767761365354,6.30699362279137
TAAGGCACATCC,preNeu-3b,11.9900512830198,-4.82866845606605
TAAGGGCCGGTG,EoP,1.79378618158701,-4.31451592921058
TAAGTCTTTAAA,ErP-2,-2.39690779290792,-9.87045608042518
TAATATGTGACG,preNeu-3b,12.6807356015623,-4.12181029795448
TAATCATGCTAG,ErP-4,5.16160489477518,-11.4610150861625
TAATCTAAGCAA,MDP-1,-2.25440739236471,-0.607402842033306
TACAAAAATTTG,preNeu-3c,11.8883962766111,-3.50686846255104
TACAAATCGTCG,ErP-4,5.05305196203593,-11.7791942167167
TACAAGCACTTC,preNeu-3b,9.7449913159788,-5.65509543894569
TACACTCCCCAG,cMoP-a,-1.13721345506307,3.49742378712853
TACATTCAAATG,preNeu-3c,11.5760240689695,-3.69974217890541
TACATTCCGTCA,preNeu-1,6.54081059851054,-3.70849452494423
TACCAAATCAGT,ErP-2,-1.87265585504171,-11.108127932537
TACCACACCACC,preNeu-3a,9.65356542028788,-4.18336949824134
TACCCAGCCTCC,proNeu-2,6.05298186697367,-0.434062521446148
TACCTTAGGTGC,ErP-3,0.209855265434119,-12.9117730665092
TACGTGCCAACT,preNeu-3c,10.9203014508665,-4.42718730448524
TACTATTCATTT,preNeu-3c,7.95866538442973,-2.32334218500892
TACTCCGCGTCA,preNeu-3b,11.0592050687254,-4.94152961252967
TACTCCGCTTTA,MDP-2,-1.459325896126,2.51966752530297
TACTCCTGCGTA,preNeu-3a,8.76153661169413,-5.27245412348548
TACTCGAAGGCG,preNeu-2,0.297795003730091,9.70926155568322
TACTCGTCGCTG,BMCP-G2,-5.10856293283102,-4.69376025675575
TACTCTCGAGCC,preNeu-1,6.42020226873759,-3.62554536341468
TACTGAAGGCTC,preNeu-3c,8.30443478979472,-3.5095966863517
TACTTACATATT,proNeu-2,6.65282679952982,-0.636725466239849
TACTTACTTGGG,preNeu-1,2.81215573706034,-10.6750873136405
TACTTTCATCAG,preNeu-3c,11.6595649854124,3.30718435765465
TAGAAGTCAACT,immNeu-1,12.482399000305,5.73695196629723
TAGACGCTGAAG,preNeu-2,2.65902258314494,-10.5482324170951
TAGATAAACTCG,ErP-5,3.35671712316874,-13.5267756986503
TAGCAACCAACT,pre-cDC1a,3.11308862127665,12.3633457613107
TAGCAGAACAGG,preNeu-3c,11.8116932050169,3.11844911099633
TAGCATTGGTCC,preNeu-3a,9.48697949804667,-3.28368506907264
TAGCGGATTTAC,preNeu-3b,12.4973573819578,-3.03038774012367
TAGCGGCGATGG,preNeu-3b,12.4741249219358,-2.95710812090675
TAGGAACGCGGA,preNeu-3b,11.8309831754148,-4.30589280604164
TAGGAAGATACT,proNeu-2,5.10827876486185,1.82382359029015
TAGGAAGGTCCA,preNeu-3c,10.4302663937986,-4.40821586130897
TAGGATGCCGCA,ErP-5,3.80435611166361,-13.0080750989799
TAGGCAATCTGC,MPP5 Ly-I,-9.8839378222048,0.489964757573208
TAGGCCTGTAAG,ErP-2,-2.6940545900881,-11.0054801511649
TAGGCTCCTCAT,immNeu-1,12.5426654950559,4.67425407887658
TAGGTCGCGCTA,preNeu-3c,7.97141124166849,-3.31490526675026
TAGGTGTACTAT,preNeu-3a,8.323104871887,-4.849019389141
TAGTCAGGGGCT,immNeu-1,12.5514812604368,2.955099959385
TAGTCTATACGT,preNeu-3b,11.6812658444822,-4.70609698771278
TAGTCTCTCCTG,preNeu-3b,11.8789749280393,-5.17688451288978
TAGTGTATTGCC,proNeu-1a,3.004740966934,1.64163400651177
TAGTTCCTCGGT,preBcrII-G2M,-1.14600871644613,10.2440678072091
TATAAATGTAAC,preNeu-1,-0.148205654245583,-11.3461898374442
TATAACCAGACA,proNeu-2,4.9967699185789,1.36606993199547
TATAGACGGCAT,preNeu-3b,11.2396936551512,-4.28201661585609
TATAGCCAGGAC,immNeu-1,12.6080255643308,5.32823910237511
TATAGCGCCTAC,preNeu-2,-1.69651554666158,9.93296017171105
TATAGTGTACCG,ErP-5,2.73474503912333,-13.6023086118583
TATCTGAGCCCC,preNeu-3a,9.67422772802714,-5.33506761072914
TATGAACGTTAT,BMCP,-3.08138273797628,-5.92211137293617
TATGACCATTGA,preNeu-1,-3.0724451407015,-1.03416452883522
TATGCCACTACC,preNeu-3b,11.0574159757078,-5.42602000712196
TATGCTGAAAAC,immNeu-2,10.0667314664305,8.10204090596398
TATGGCCTATTT,preNeu-1,0.0956951812684859,-13.1567147779349
TATGGGCTAACA,proNeu-2,4.75151778616312,-0.612159471500317
TATGGTATAATA,preNeu-3c,8.88677693762186,-4.72535262583534
TATGTGACAAAG,ML-3,-5.62643240533468,-4.686665873516
TATTACAGGGGT,immNeu-1,13.1717233792723,2.21703900815209
TATTCCTATGAG,preNeu-3c,8.16514779486063,-5.06673322199623
TATTCGAGGTTT,preNeu-1,0.479272677081856,-11.2867940473441
TATTCTACCGAA,EoP,2.08294321455363,-4.26504693506996
TATTGGCAAGTA,ErP-3,0.347214265245232,-11.598494868267
TATTGTTTTTTT,preNeu-3b,10.2283163205564,-5.66340909479896
TATTTCATACAT,proNeu-2,3.26685573019389,-0.829177598941723
TATTTGGATGGA,preNeu-1,6.48915339865092,-3.85311017512123
TCAAAGCTATAC,ErP-3,0.649808092492851,-13.3437140989188
TCAACGAATAGA,preNeu-1,6.67719746984843,-0.404920499313274
TCAACGTGGTTG,MPP2-S,-6.36816166482565,-1.36613200186531
TCAAGCAACCAT,preNeu-3c,11.9199257031858,0.941210348617634
TCAATGGACCCA,preNeu-3c,8.38229562200907,-4.00956283091346
TCAATTATAATG,EoP,2.83470083631876,-4.73622689722816
TCACACTCTAGG,preNeu-3c,10.7563772336424,-5.49353204249183
TCACGATCCTTC,MP,0.274630642014774,1.55387749196251
TCACGCAAGCGG,cMoP-b,-0.0887219174921189,3.28984083653649
TCACGCCTATAC,immNeu-1,11.6033620969236,6.71948303700646
TCACTACTCTTG,MDP-2,-1.17184625707265,2.68399013997277
TCACTTTGCTAG,preNeu-1,7.44510842718485,-3.21953211306373
TCAGAAATCTGC,immNeu-1,12.4002275601805,2.89760388852318
TCAGAACATACC,preNeu-1,6.79264165319804,-3.77723012446205
TCAGACTTGGGC,immNeu-1,12.7422971860349,5.76933683873375
TCAGAGGTCTGA,preNeu-3a,9.74374963201884,-5.95214162348548
TCAGATGCCTTA,preNeu-1,6.67453814901713,-3.80005488871376
TCAGCACTCGAG,preNeu-3b,12.4848299161375,-3.50746450899879
TCAGCCTCAATC,preB-kappa,-1.4366390570223,12.9895016145821
TCAGCGCCCCAG,preNeu-1,7.54049683966044,-3.462216238964
TCATACCGGGCG,preNeu-3c,7.4207987920225,-3.94271359919349
TCATACGGATTC,preNeu-1,5.02462293066386,0.614107657682499
TCATCAGGGCCA,MPP5 Ly-I,-9.88004396997091,0.74452083231171
TCATGAAGGCAT,immNeu-2,11.3862342969358,7.22565521718224
TCATGCATCTCC,preNeu-3b,10.5121164456785,-4.67056117533485
TCATTGATAAAG,preNeu-1,6.60419370092753,-3.89512763499061
TCCAAGAAGTAA,proNeu-1b,4.2971358434141,1.84403731347283
TCCAGACGGCAG,preNeu-3c,11.9917278424681,-3.83066068171302
TCCCAACAGGTG,proNeu-1a,2.70965124525431,-1.42089126585762
TCCCAGTTCTGG,immNeu-1,13.0823564664305,2.02244450570305
TCCCGGGATCCT,preNeu-3c,8.73680592932108,-4.95319495676796
TCCCTTAGCCGT,immNeu-1,13.1377306119383,3.72277225972374
TCCCTTCGGCGT,ErP-5,1.95298530020121,-13.7540372419242
TCCCTTTCTCTT,preNeu-3c,8.74899770178202,-4.04826579569618
TCCGATCAAAGA,EoP,2.34522081770304,-4.46403537272255
TCCGATGTGTCA,proNeu-2,6.32841397680643,-0.669194500434795
TCCGATTCAGGA,ErP-HSC,-2.78900121293661,-9.24647746561805
TCCGCACGGTCC,MP,-0.376351998668877,1.90320422173699
TCCGCGCGCCAC,preNeu-1,9.53082658209208,-2.46618018626014
TCCGGGCCTTCA,preNeu-2,6.73130704321268,-3.921604495037
TCCGGTACGCCT,MultiLin-1_Elane,4.46061374105814,-3.19127212046424
TCCGTCTGTCCT,preNeu-3c,8.91565514959696,-4.45760188578407
TCCTAGTGGTGT,ErP-5,2.65732385076884,-12.8893111753348
TCCTCATGGTCT,preNeu-3c,9.93674851812724,-2.62901578425209
TCCTCGACGGAA,ErP-3,0.653694255727562,-11.6806634473685
TCCTGCCCTGTT,ErP-3,2.33732248701456,-13.8378079938773
TCCTGTAGCCAT,Mac-Nr1h3,4.1761629716337,-7.33366523264686
TCCTTATCTTGT,MPP1-G1,-8.67721937738058,-1.86274157046119
TCCTTATTAGCA,cMoP-b,-0.127896027189461,3.25015654088219
TCCTTTACATGC,preNeu-1,5.59710503973368,-3.49500022410194
TCCTTTTTCGTA,ALP-a,-7.47907970986959,5.64253534795006
TCGACCGCAGCA,immNeu-2,10.1807823316038,7.95486320973595
TCGACGATAAGT,ErP-5,2.14137090601328,-13.2791722822074
TCGACTCTCTTT,MDP-1,-1.73209105573293,-1.36099479674141
TCGAGCCATCTA,preproB-1,-8.13680456719991,6.71925129414757
TCGAGCGAAGCG,preNeu-3c,10.4639330045164,-5.72390494822303
TCGAGCGTAGCA,preNeu-1,9.39063741125468,-1.5865202951316
TCGATCATTAGC,ErP-5,1.41444255270365,-13.1467031049613
TCGCAAGGTATA,MPP1-G1,-6.81713532052633,-1.84359608172218
TCGCAGCGATCT,preNeu-1,4.5795631543577,-10.9744056272391
TCGCAGGTAAAA,ErP-5,2.76206470884684,-13.0211366224174
TCGCATTGCGAT,preNeu-2,8.03546000875834,-3.13804755686561
TCGCGCGCTCAT,cMoP-b,0.123256376463207,2.76368083478173
TCGCGGACGAGT,immNeu-2,10.6377754346311,7.90781559468468
TCGCTACCGTCT,preNeu-3a,7.64440823950175,-3.5883513498191
TCGCTCTTATCC,preNeu-3c,8.46256543554667,-2.88734779833595
TCGCTGCAGGTC,ML-CC,-2.90697549424764,-1.00472782133857
TCGCTGCGGGGT,preNeu-3a,9.23505212225321,-4.74147830485145
TCGCTGGTCAAC,ErP-3,0.417626558321747,-11.0510285901908
TCGGAACCTTTG,preNeu-3c,10.2136764661253,-4.42391858576576
TCGGACACGGCA,preNeu-1,7.05476762213114,0.571805078994831
TCGGATTATCCC,Mac-Nr1h3,4.05218006529215,-7.02433667658607
TCGGCCCCGTGT,preNeu-1,9.30811215795878,-1.26839468954841
TCGGCTTTTGTG,preNeu-3c,10.3212490216673,-3.25560722826759
TCGGGATAAACG,preNeu-3c,10.3940687314451,-4.88357816218177
TCGGGGAAGTGC,proNeu-2,4.02731110014323,-1.76929245470802
TCGGTACCGCTA,preNeu-3c,12.2258100644529,3.46886839390953
TCGTAAAGCCTG,immNeu-1,12.8667020932615,2.08833040715416
TCGTAATATACT,MPP2-G2,-4.00041245065328,-1.31974480627815
TCGTATCTTCTC,preNeu-1,5.69767667211893,-2.63475881098549
TCGTATTAGCAT,immNeu-2,11.5921001569212,7.25747789860924
TCGTCAACCGGT,preNeu-1,2.43557454504374,-4.25738082407753
TCGTGATGCCCG,preNeu-1,6.3761325017393,0.101704661261639
TCGTGTAATGGA,MDP-1,0.679934097903999,-1.21792529104988
TCGTTCACCACT,immNeu-2,11.2524309293211,7.17073502064904
TCGTTCGCGGCA,preNeu-3c,9.4508543149412,-2.24878440378944
TCGTTGACATTT,CLP2-Ly6d+,-6.75061510644552,4.87394203664025
TCGTTGCATGCG,preNeu-3c,10.7799606458128,-3.70746169565956
TCTAACAGCGTC,MP,-0.310659812313286,0.961313624393543
TCTAACTTATCG,proNeu-2,4.82609988607767,-0.210457305896679
TCTAAGACCCTG,preNeu-1,8.07953263677958,-0.499091308105389
TCTACCAGCCGT,immNeu-1,12.316440595764,5.54158415318688
TCTAGAGGCTGT,preNeu-3c,11.090402616638,-3.18285022257606
TCTAGAGTATAA,proNeu-2,5.76432849325541,0.201391872477135
TCTAGGCTTGCG,MultiLin-1_Elane,-1.30650268636343,2.66603841305931
TCTCAAAAACAA,ErP-4,4.63152266897562,-12.4474166440848
TCTCCGATACCA,ErP-3,-1.68054758153555,-11.0103953885917
TCTGACTGTGGA,preNeu-3c,12.5422716275633,0.957499523174366
TCTGCTGGACTG,proNeu-2,6.2450757161558,1.44030251027306
TCTGGATCTATT,preNeu-3b,10.7509746686399,-4.69687972544471
TCTGGCTCCGTT,preNeu-2,9.68689347662333,-3.48113284586708
TCTGGGTTTCGC,proNeu-2,6.62418986715678,0.152866814744076
TCTGTTTTGCAT,preNeu-3c,7.50189734854105,-3.90914426325599
TCTTACGGCTCA,preNeu-3a,9.87479497351054,-5.84891353129188
TCTTCGATGAGT,proNeu-2,6.19053794302348,1.322964508545
TCTTGCGCTTCA,preNeu-1,-0.231248365265099,9.13530888081749
TCTTGCGGTTCA,preNeu-3c,8.81945802130106,-4.58804593561927
TGAATAGGTTCC,preNeu-1,5.38184405722025,-3.05543528078834
TGACAGAAGCTT,preNeu-3c,7.77895165838602,-3.25776920794288
TGACAGTGCACC,preNeu-3b,10.9931039945066,-5.36645398615638
TGACTAAGTCGC,ErP-MEP,-3.3925864561617,-7.0139797735099
TGACTACAGAAA,preNeu-3c,9.96070290960673,-2.90468583582679
TGACTGCGTAAG,preNeu-1,2.78677154936198,-3.65028248308937
TGACTTGCTCCC,preNeu-1,8.18411494650248,-2.84980617045204
TGACTTTGCCGC,preNeu-1,7.07212783254984,-0.359991114128033
TGAGACCTCTTC,ErP-5,2.65697146810892,-13.3746493863944
TGAGACTTACTG,ErP-4,4.83978129782084,-11.404930453289
TGAGCATCGCAT,preNeu-1,4.4007563725889,-2.51623878954689
TGAGCGCTATCT,immNeu-3,8.02011586584452,8.62902893544396
TGAGTTACCACC,preNeu-3b,12.2311973706663,-3.88235459803382
TGATAAGCAGGT,proNeu-1b,3.65377141394022,-0.18989871023933
TGATAGCACTCC,ErP-3,0.848160876411232,-13.0314162778739
TGATATAAGTGG,preNeu-1,6.82737399496439,-3.79014716624061
TGATATCAAAAC,Mac-Nr1h3,4.10766030706766,-7.23028216837684
TGATCGGCCCCT,preNeu-2,1.84715153135661,-13.3657525586967
TGATCTATACGC,preNeu-1,6.64524365820292,-3.83770881174842
TGATGTTATGCC,ErP-5,3.18167020239237,-13.3348105955009
TGATTACTGACA,preNeu-1,12.0423965588987,0.113788087379536
TGATTATCGGAT,preB-kappa,-0.821234093528954,12.5448824358102
TGATTCATCGTG,ML-ERP2-ADT,0.345432846325668,-11.0128644513969
TGCAAAGCTTCC,proNeu-2,3.70523930944804,-0.887516002643505
TGCAATTACGCC,preNeu-1,5.88985635198954,-0.195360105026165
TGCACAGCACAT,CLP2-Ly6d+,-7.37287281594869,4.61032928944786
TGCACCTCGTGT,immNeu-3,8.80267430700663,8.19217218877037
TGCACGCGTTTG,cMoP-b,-0.329945610386101,2.74407209874352
TGCAGAGGACAA,immNeu-2,11.701637281555,6.74592222691735
TGCAGTGGATAC,preNeu-3a,9.8506345883787,-2.34161696909706
TGCATCCCCGTA,preNeu-3c,7.50730134405497,-3.47714171885292
TGCATGGTGCCG,preNeu-3b,11.4294614926756,-4.43909154413978
TGCATTGTTTAC,ErP-3,1.27353538431528,-13.1594708967094
TGCCAACTCGAA,preNeu-3c,12.0356865064085,-4.42939553736488
TGCCAGCACAAT,immNeu-2,10.727853788513,7.79487576008995
TGCCATATCATA,preNeu-1,7.91491605200175,-1.59038243769447
TGCCCGGCTATA,preNeu-3c,0.923311366218361,-12.8359015989188
TGCCCTGCCACT,preNeu-3c,8.04511405386332,-5.29576907633583
TGCCGCGTAAAA,preNeu-1,9.16221715368632,-1.40676055430214
TGCCGTACAGGA,immNeu-1,12.2715740338743,3.4646898698922
TGCCTCCCTTCG,immNeu-2,10.2583131925047,7.97490133763512
TGCGACGCTCTT,immNeu-1,12.7290544644773,3.78055371762474
TGCGAGTTCGCA,ErP-5,2.36298514761332,-13.3857062864188
TGCGCCACTTTA,preNeu-1,6.41192342199686,-3.89819274424354
TGCGCGCCAGCT,preNeu-2,0.619656665700706,-11.3196204709891
TGCGCGTAATGC,cMoP-b,-0.98009883008596,3.12629093648156
TGCGGATGCATG,preNeu-1,8.57575704016093,-3.9503639745597
TGCGGCCAGCGA,immNeu-1,12.7490196362913,1.43624605656823
TGCGTAAATGGA,proNeu-1b,4.64201594747904,1.23175807715615
TGCGTACTTTAG,preNeu-1,8.75997544683817,-0.855029683101574
TGCGTCGCCAAT,immNeu-1,12.05832673468,6.67420734883507
TGCGTTAACAGG,preNeu-1,0.350319965261253,-10.9965566205863
TGCTAACCAATG,immNeu-2,11.1994390622557,7.54465879918297
TGCTACTACCCA,preNeu-3c,9.20056916632059,-5.38832793711464
TGCTATGGGAGC,preNeu-1,9.63747788824442,-1.9676466989402
TGCTCCGGGCAG,preNeu-3b,10.9443912640989,-5.65696845530311
TGCTCTATTGTA,preNeu-3c,10.2241869107664,-3.68785415171424
TGCTGCACGATC,cMoP-b,-0.441052006107536,3.8835016679879
TGCTGTAAATTT,preNeu-3c,-3.24073551736471,-7.15980182169715
TGGACGGTTCCG,MP,0.0775952772081222,1.96825673104485
TGGAGCCATAAG,IG2-proNeu1,0.354980154413017,-1.01032195566932
TGGAGCCCCATC,immNeu-3,9.42180634893778,8.2986308527108
TGGAGTGACATT,preNeu-3a,8.67424584783915,-5.23822579859535
TGGATAACGCTC,preNeu-1,7.23204852499369,-0.654769997585217
TGGATCGCAAGG,preNeu-2,-7.21849726281759,7.83801712514122
TGGATGGCGGAT,MP,-0.841462717872826,2.41648282529076
TGGCACATCCGA,preNeu-1,8.46150018133524,-0.369212965953747
TGGCATCTTAAT,MPP5 Ly-I,-9.64281939111349,1.00564839364251
TGGCCCACATTT,preNeu-1,6.74129392065409,-3.73917708872596
TGGCGACACGCG,preNeu-1,6.30915547766093,-3.83874068735878
TGGCTACCGAGG,ErP-3,0.738368941921028,-11.4518245267753
TGGCTAGTCGTA,preNeu-3c,12.0885648862303,-1.77507434366981
TGGCTCGGGAGC,preNeu-1,8.54408933081034,-3.34714279650489
TGGGAATATAAA,immNeu-1,12.4097452298582,5.39848818303307
TGGGAGCTGGGG,MPP2-G2,-5.84948156915304,-5.35708795069496
TGGGCACTCGGG,preNeu-3c,10.5082893506468,-5.62846360682289
TGGGTGAAGCTC,ErP-3,1.88876999773386,-13.7877734708671
TGGGTGCGAGGC,preNeu-1,6.38883496679667,-0.606590430725018
TGGTCATCAAAG,preNeu-1,5.08488418020609,-2.78673992632667
TGGTCGTACAGC,proNeu-1a,2.37400700010661,-0.472132365692059
TGGTTAAATGGC,ErP-3,-0.931298480850426,-12.0598414945487
TGTAAATTGGCA,preNeu-2,6.04278661169413,-3.61679873942176
TGTAATGACGTT,proNeu-2,4.73373080648783,-0.786449890125195
TGTACGTGATAT,preNeu-3b,12.6262359754026,-3.48953567026893
TGTAGGCCGATG,preNeu-3b,11.7923936978758,-4.7375486898307
TGTATCCTTGAA,EoP,1.77249504484537,-4.34104905604164
TGTCAACCAACA,preNeu-1,9.98555375494364,-5.0530046033744
TGTCAACGCTTG,immNeu-2,11.909753812927,6.78483023167809
TGTCAGACACAC,preNeu-3c,10.4578685895384,-1.96546636103431
TGTCCACTTTGG,preNeu-1,6.78055526174906,-3.88050351618568
TGTCGCTGGAAG,ErP-3,-1.35063921056387,-12.0260985898856
TGTCTCCGAATA,preNeu-3c,8.90395833410624,-4.02362666605751
TGTCTCGCCGAT,preNeu-1,6.92344237722758,-3.91249118326942
TGTGCGCGAGAT,preNeu-3c,12.073535932678,-3.20814261912147
TGTGGGCTTTTG,preNeu-3c,7.12225629248026,-3.80539165018837
TGTGTCAATGGA,preNeu-3b,11.9739942685545,-3.53707204340736
TGTGTTCTGGGG,preNeu-3c,12.5620947019041,6.01797832967003
TGTTCATTTAAC,CLP1-a,-8.14565561853048,1.61266781808098
TGTTTAAATGTT,ErP-2,-2.67861198030111,-10.5330966520194
TGTTTCGGTGGC,EoP,2.34946895994547,-4.42205558298866
TGTTTCTGCGTC,preNeu-3b,11.7761688367308,-2.45022497652809
TGTTTGTAAAGA,MEP-UNK,-9.52557085595724,-0.727853398311535
TGTTTGTAGGGA,preNeu-3c,6.15690947927836,-5.30766902445594
TGTTTTTTTTTT,preNeu-1,6.5587587491453,-3.6886418866996
TTAAACTATGGT,preNeu-1,7.95103932775858,-3.5964513826255
TTAAATTGCCAA,preNeu-3c,8.27284146704081,-3.61423430918495
TTAAATTGCTGC,ErP-MEP,-3.87051104150411,-6.51722083567421
TTAACCATACAG,preNeu-1,7.15040780462626,-3.72791800974647
TTAACCGTGTGG,ErP-4,4.20525599874857,-12.5554364728812
TTAACTGCGTAC,preNeu-1,8.79038907446268,-3.14449081896583
TTAAGACAGAAC,ErP-3,0.274381524401936,-13.3162253904227
TTAAGCCTTGCC,proNeu-2,6.19297458090189,1.24465068103035
TTAAGGCATACT,EoP,2.19001246847514,-4.3685768651847
TTAATACTCCTC,immNeu-1,8.4324684277952,-3.16278944491188
TTAATCCCTAGT,MP,3.60482455648783,-2.70848618029396
TTAATCGGACGT,MEP-UNK,-6.46293018899557,-5.53703866480629
TTAATTGATCCA,immNeu-2,12.4535379544676,5.86735405446251
TTACAAAGTTCC,proNeu-2,6.4457912579954,-0.544413726318279
TTACACAAAACC,preNeu-1,7.43171883978251,-1.01702366350929
TTACCATGTCCC,preB-kappa,-0.759015963894096,12.8702064943429
TTACCCAAATAC,proNeu-2,5.74605657019022,0.22989910514315
TTACCTCGACGT,preNeu-1,7.77286960043314,-3.77427802561561
TTAGAAACTCGC,preNeu-1,9.04297448553446,-1.04866562365333
TTAGCATAAGCT,preNeu-3b,13.3246460095823,-4.16077504633705
TTAGCCCGGTCT,preNeu-3c,9.15796948828104,-4.21447978495399
TTAGCGCAACGC,preNeu-1,9.06887151159647,-0.95076296805183
TTAGCGTACCGC,immNeu-1,12.7824621335447,1.53360976697167
TTAGGCCCTATG,preNeu-1,7.60444451727274,0.0001127910729255
TTAGGTAAAATA,ErP-3,-0.896532283645836,-12.400647501934
TTAGTAAGCAAG,immNeu-1,12.5147066251219,2.97110952855309
TTAGTTGCGCTC,preNeu-3a,8.26398946203593,-4.54557834147255
TTATAGTAGGGT,preBcrII-G2M,-1.19221769414541,10.9031893205758
TTATAGTTTTAC,Mac-Nr1h3,4.15129877485636,-7.32133374689857
TTATATTTGGCT,immNeu-1,12.976630224365,2.7435680818673
TTATCAGGCACA,proNeu-2,5.04541684545878,0.928423304569324
TTATCCCTAAAT,immNeu-3,8.59262086309794,8.57986988545617
TTATCGAATTTT,cMoP-b,-0.901708350998131,2.99074210644921
TTATCGCGGGGA,proNeu-1b,3.83779193319682,-2.28790913103859
TTATGACTGGGC,MP,-0.161343888860909,1.7179343891259
TTATGATCCGAA,proNeu-2,5.06158305563334,-0.712548952091137
TTATGTGGTTGT,cMoP-b,-0.464012788158623,2.51905717374047
TTATTATCAGAC,ErP-5,1.28579868234995,-13.7752479123954
TTCAGCGAATAC,ErP-3,0.878861142772469,-13.0084498929862
TTCAGGCCCACG,preNeu-1,8.34855080999735,-4.06177459238807
TTCCCTGGCTAT,ErP-3,2.48333884634379,-13.5923856305961
TTCCGGCATGCT,immNeu-1,12.6700515881956,1.25829734326561
TTCCGTGGGCAC,preNeu-3c,11.293979658264,-5.67275462626258
TTCCTCAGCACT,ErP-4,4.57324029363993,-12.4690955686454
TTCCTGCGTGAC,pDC,-6.34144209466573,2.96099223614891
TTCCTTGCCGGC,preNeu-3c,9.16693498052958,-4.327366213787
TTCGCCCCGTCA,ML-ERP2-ADT,0.242289046275648,-11.446582179058
TTCGCGGGGTCT,ErP-5,2.65937687315348,-13.7028811979179
TTCGCTCACTTC,ErP-3,0.586003108400139,-13.3320249128226
TTCGCTCGCCCG,preNeu-1,9.17872048773173,-4.55791554926673
TTCGGACGGTTA,immNeu-1,12.59992123999,1.27629419089516
TTCGGCCCAAGG,preNeu-3c,10.7508373395384,-4.133358817089
TTCGTCCCGTGA,ML-CC,-4.28222082696554,-1.81787715433876
TTCGTCCTCCTT,EoP,1.26472188391093,-3.53194985865394
TTCGTTGCTGCG,preNeu-3b,9.38476468481425,-5.02716670512001
TTCTAACCTAAA,immNeu-1,12.4410944119871,4.68323578358849
TTCTCGCTTCGC,preNeu-3c,9.2741136685789,-2.32170782564918
TTCTCTCTTGCG,ErP-3,-0.147103534561363,-13.2359489011649
TTCTGCCTGATG,preNeu-2,6.97994996466044,-3.55112348078529
TTGAAATAGCTA,preNeu-1,11.4196329251707,-0.0565760242823753
TTGAACAGGCCC,preNeu-1,8.1037035123289,-0.993027667987743
TTGAACTTACCG,preB-kappa,-0.637940750938622,12.8810402345773
TTGACCCATGCC,immNeu-2,9.71451856054667,8.34478725911339
TTGACCCTAACA,preNeu-3c,10.9519643918455,-2.97419224261085
TTGAGGCGGGGA,preNeu-1,-0.398731933456627,3.69306554318627
TTGAGGGGTCTT,MEP-UNK,-3.81682060800191,-7.84420810221473
TTGCCAAAAAGG,preNeu-1,5.75903989233378,-3.53866587160865
TTGCCATTCGGA,preNeu-3b,12.4262838498533,-3.1009737062339
TTGCCCCAGGGA,preNeu-3c,6.78814793981913,-3.80778775690834
TTGCCCCTAGCG,immNeu-1,12.788117422241,1.06600358010491
TTGCCCTCAAAG,immNeu-2,11.0054407254637,7.19083895207604
TTGCGCTTAGCC,MP,-0.54092840991613,1.7836208534356
TTGCTATGCATC,ML-ERP2-ADT,-1.65515266500112,-10.6216643857841
TTGCTCACAATC,preNeu-2,7.5712099210203,-3.98913512705604
TTGCTTCAAACC,preNeu-3c,11.5041008130491,-2.73614416598121
TTGGAGGGCCAC,proNeu-1b,3.31099177755717,0.0169033002968635
TTGGCTCGATCT,proNeu-2,5.93260957159403,-0.12184337853233
TTGGGCAAGAGT,ML-ERP2-ADT,0.45398183025721,-12.2241166639213
TTGGGCCCGCTC,proNeu-1a,4.78272534765604,1.54744519711693
TTGGGGTATGGA,MultiLin-1_Elane,0.542888297218117,-10.7702439832572
TTGGTCAAATTA,preNeu-1,9.3547735349119,-1.46494815825264
TTGTACAACCAA,immNeu-2,9.87544442572001,7.83992590428551
TTGTCAGCAATC,MP,-0.529405699592796,2.83832206250389
TTGTGTTTAGTA,cMoP-b,-0.657522962909905,3.4964612913247
TTGTTACCCTTC,preNeu-3b,10.2359409467161,-4.45105443476478
TTGTTTAAGCCG,ErP-3,-1.19894121728536,-11.9762338209037
TTTAAGAGGATC,preNeu-3b,12.042756094116,-1.43333528517524
TTTACGCCCCTA,preNeu-1,-0.115122960430351,-11.6738723325614
TTTACTGCGTAT,preNeu-3c,12.9972877637327,1.86295868874749
TTTAGAAGAAAA,ErP-3,1.27265085138682,-13.3184550809745
TTTAGAGCGCAC,preNeu-3c,7.66846658148173,-3.71603332041542
TTTATAAGACGC,ErP-1,-0.620890067440239,-11.5299209165458
TTTATCGTTTGA,immNeu-2,11.5646457807005,6.313822407734
TTTATGCGAAAA,preNeu-3a,10.1047649518431,-3.68851886271278
TTTCCCAGTGGC,preNeu-1,8.73432732977274,-1.05974433897773
TTTCCCCACTCG,preNeu-1,7.58664132513407,-0.444071989047924
TTTCGGCCGGGG,preNeu-3b,11.6251325742185,-3.50894985674659
TTTCGGCGTTGC,immNeu-2,11.2887344495237,7.48392500401696
TTTCGTAGCAAA,immNeu-1,12.0039320126951,5.29718651295861
TTTGCAACTAAA,MPP2-G2,-5.70085142694112,-5.27933583735267
TTTGCCGTCTCT,MEP-UNK,-8.68874357782003,0.118570406448444
TTTGGTACGCAT,preNeu-3b,10.7774744168699,-5.41170440195839
TTTGTATTGAGT,preNeu-1,7.38829137243632,-3.63729653834144
TTTGTGGAATTG,preNeu-3b,11.5932455197752,-3.15199385165016
TTTGTTGCATAA,ErP-3,0.138483012545141,-12.6186708021049
TTTTAACCTCCT,proNeu-2,5.2103700772703,-1.25769351004402
TTTTATGTTGAG,preNeu-3b,12.8679866925657,-3.41990671633522
TTTTGCCGAAGG,Mac-Nr1h3,4.04845453657511,-7.15815577982704
TTTTGCTCTCGT,preNeu-3b,11.9836597577513,-3.30051670550148
TTTTGGTCGGTA,ErP-3,1.15148390688303,-13.6358684110526
TTTTTGGTCGGT,ErP-2,-3.21389483056661,-10.0040467786674
TTTTTTAGAGCA,immNeu-1,12.5830898419798,0.72946711302956
TTTTTTTTTTTT,preNeu-1,6.7551002637327,-3.67120323656837
